Fiscal Year,Client County,Clients Served,Clients Served %,Average Age of Clients Served,Adolescents Clients Served ,Adolescents Clients Served %,Male Clients Served ,Male Clients Served %,Latino Clients Served ,Latino Clients Served %,White Clients Served , White Clients Served %,African American Clients Served , African American Black Clients Served %,Asian/Pacific Islander Clients served,Asian/Pacific Islander Clients Served %,Other (Including Native American) Clients Served ,Other (Including Native American) Clients Served %,Spanish Speaking Clients Served ,Spanish Speaking Clients Served %,English Speaking Clients Served ,English Speaking Clients Served %,Other Language ,Other Language  %,Annotation Code,Annotation Description
2014-15,California,"1,379,522",100%,28.8,"189,069",13.70%,"241,130",17.50%,"925,065",67.10%,"230,569",16.70%,"93,530",6.80%,"85,824",6.20%,"44,445",3.20%,"559,227",40.50%,"780,147",56.60%,"40,060",2.90%,,
2014-15,Alameda,"35,953",2.60%,26.1,"8,644",24.00%,"4,848",13.50%,"16,160",45.00%,"5,961",16.60%,"6,295",17.50%,"5,252",14.60%,"2,285",6.40%,"10,176",28.30%,"24,437",68.00%,"1,340",3.70%,,
2014-15,Alpine,52,<0.1%,25.5,16,<0.1%,,,20,38.50%,,,,,,,,,,,36,69.20%,,,1,Cell suppressed for small numberss
2014-15,Amador,585,<0.1%,24.9,133,22.70%,42,7.20%,80,13.70%,463,79.20%,,,,,24,4.10%,40,6.80%,539,92.10%,,,1,Cell suppressed for small numbers
2014-15,Butte,"11,299",0.80%,24.2,"2,420",21.40%,"1,073",9.50%,"2,375",21.00%,"7,630",67.50%,306,2.70%,466,4.10%,522,4.60%,693,6.10%,"10,432",92.30%,174,1.50%,,
2014-15,Calaveras,415,<0.1%,25.3,103,24.80%,22,5.30%,64,15.40%,324,78.10%,,,,,16,3.90%,26,6.30%,384,92.50%,,,1,Cell suppressed for small numbers
2014-15,Colusa,713,0.10%,29.1,84,11.80%,30,4.20%,574,80.50%,115,16.10%,,,,,16,2.20%,409,57.40%,300,42.10%,,,1,Cell suppressed for small numbers
2014-15,Contra Costa,"24,070",1.70%,27.5,"3,446",14.30%,"2,839",11.80%,"11,780",48.90%,"5,439",22.60%,"3,229",13.40%,"2,210",9.20%,"1,412",5.90%,"7,192",29.90%,"16,195",67.30%,683,2.80%,,
2014-15,Del Norte,515,<0.1%,23.5,205,39.80%,33,6.40%,81,15.70%,358,69.50%,,,25,4.90%,47,9.10%,46,8.90%,459,89.10%,,,1,Cell suppressed for small numbers
2014-15,El Dorado,"1,651",0.10%,26.6,297,18.00%,130,7.90%,458,27.70%,"1,062",64.30%,19,1.20%,56,3.40%,56,3.40%,261,15.80%,"1,370",83.00%,20,1.20%,,
2014-15,Fresno,"29,974",2.20%,27.8,"3,948",13.20%,"3,151",10.50%,"21,137",70.50%,"4,606",15.40%,"1,729",5.80%,"1,697",5.70%,805,2.70%,"10,258",34.20%,"19,194",64.00%,522,1.70%,,
2014-15,Glenn,993,0.10%,27.8,158,15.90%,65,6.60%,580,58.40%,357,36.00%,,,,,37,3.70%,339,34.10%,650,65.50%,,,1,Cell suppressed for small numbers
2014-15,Humboldt,"6,893",0.50%,25.2,"1,396",20.30%,883,12.80%,"1,253",18.20%,"4,646",67.40%,213,3.10%,208,3.00%,573,8.30%,406,5.90%,"6,409",93.00%,78,1.10%,,
2014-15,Imperial,"2,359",0.20%,26.7,353,15.00%,177,7.50%,"2,094",88.80%,189,8.00%,36,1.50%,24,1.00%,16,0.70%,973,41.30%,"1,378",58.40%,,,1,Cell suppressed for small numbers
2014-15,Inyo,383,<0.1%,26.5,106,27.70%,37,9.70%,192,50.10%,148,38.60%,,,,,38,9.90%,121,31.60%,260,67.90%,,,1,Cell suppressed for small numbers
2014-15,Kern,"22,273",1.60%,28.3,"3,159",14.20%,"2,747",12.30%,"16,500",74.10%,"3,660",16.40%,"1,217",5.50%,507,2.30%,389,1.80%,"8,729",39.20%,"13,351",59.90%,193,0.90%,,
2014-15,Kings,"2,991",0.20%,28,448,15.00%,316,10.60%,"2,229",74.50%,483,16.20%,117,3.90%,80,2.70%,82,2.70%,"1,110",37.10%,"1,855",62.00%,26,0.90%,,
2014-15,Lake,"1,356",0.10%,26.8,263,19.40%,133,9.80%,347,25.60%,878,64.80%,47,3.50%,29,2.10%,55,4.10%,208,15.30%,"1,141",84.10%,,,1,Cell suppressed for small numbers
2014-15,Lassen,329,<0.1%,24.4,101,30.70%,19,5.80%,53,16.10%,253,76.90%,,,,,,,29,8.80%,295,89.70%,,,1,Cell suppressed for small numbers
2014-15,Los Angeles,"625,252",45.30%,30,"74,923",12.00%,"150,870",24.10%,"478,761",76.60%,"51,278",8.20%,"50,167",8.00%,"29,055",4.70%,"15,991",2.60%,"307,109",49.10%,"296,004",47.30%,"22,139",3.50%,,
2014-15,Madera,"4,860",0.40%,27.8,657,13.50%,359,7.40%,"4,102",84.40%,568,11.70%,68,1.40%,41,0.80%,81,1.70%,"2,219",45.70%,"2,616",53.80%,25,0.50%,,
2014-15,Marin,"6,259",0.50%,28.2,"1,178",18.80%,773,12.40%,"3,688",58.90%,"1,908",30.50%,190,3.00%,248,4.00%,225,3.60%,"3,037",48.50%,"3,027",48.40%,195,3.10%,,
2014-15,Mariposa,111,<0.1%,27.8,17,15.30%,,,29,26.10%,74,66.70%,,,,,,,,,96,86.50%,,,1,Cell suppressed for small numbers
2014-15,Mendocino,"3,378",0.20%,26.5,809,24.00%,302,8.90%,"1,273",37.70%,"1,825",54.00%,32,1.00%,58,1.70%,190,5.60%,779,23.10%,"2,570",76.10%,29,0.90%,,
2014-15,Merced,"6,620",0.50%,27.7,973,14.70%,527,8.00%,"5,106",77.10%,858,13.00%,193,2.90%,343,5.20%,120,1.80%,"2,898",43.80%,"3,653",55.20%,69,1.00%,,
2014-15,Modoc,97,<0.1%,24.6,29,29.90%,,,17,17.50%,73,75.30%,,,,,,,,,90,92.80%,,,1,Cell suppressed for small numbers
2014-15,Mono,503,<0.1%,29.9,61,12.10%,,,273,54.30%,215,42.70%,,,,,,,234,46.50%,265,52.70%,,,1,Cell suppressed for small numbers
2014-15,Monterey,"16,783",1.20%,28.8,"1,886",11.20%,"2,116",12.60%,"14,001",83.40%,"1,735",10.30%,253,1.50%,464,2.80%,330,2.00%,"10,226",60.90%,"6,208",37.00%,349,2.10%,,
2014-15,Napa,"4,198",0.30%,27.8,679,16.20%,427,10.20%,"2,632",62.70%,"1,164",27.70%,65,1.60%,161,3.80%,176,4.20%,"1,722",41.00%,"2,430",57.90%,46,1.50%,,
2014-15,Nevada,"2,204",0.20%,26.4,476,21.60%,209,9.50%,417,18.90%,"1,633",74.10%,20,0.90%,19,0.90%,115,5.20%,251,11.40%,"1,925",87.30%,28,1.30%,,
2014-15,Orange,"96,621",7.00%,28.9,"11,534",11.90%,"11,842",12.30%,"63,058",65.30%,"19,007",19.70%,"1,717",1.80%,"9,686",10.00%,"3,153",3.30%,"39,655",41.00%,"53,164",55.00%,"3,802",3.90%,,
2014-15,Placer,"3,914",0.30%,27,687,17.60%,342,8.70%,"1,187",30.30%,"2,223",56.80%,96,2.50%,193,4.90%,215,5.50%,766,19.60%,"3,079",78.70%,69,1.80%,,
2014-15,Plumas,964,0.10%,23.2,352,36.50%,271,28.10%,97,10.10%,680,70.50%,109,11.30%,24,2.50%,54,5.60%,41,4.30%,908,94.20%,,,1,Cell suppressed for small numbers
2014-15,Riverside,"60,211",4.40%,28.5,"8,366",13.90%,"7,832",13.00%,"42,470",70.50%,"10,301",17.10%,"3,787",6.30%,"2,161",3.60%,"1,492",2.50%,"20,406",33.90%,"39,143",65.00%,662,1.10%,,
2014-15,Sacramento,"28,775",2.10%,27.3,"3,639",12.70%,"3,277",11.40%,"11,313",39.30%,"8,489",29.50%,"4,107",14.30%,"3,194",100.00%,"1,671",5.80%,"6,362",22.10%,"21,425",74.50%,988,3.40%,,
2014-15,San Benito,"1,736",0.10%,28,285,16.40%,181,10.40%,"1,351",77.80%,306,17.60%,,,26,1.50%,47,2.70%,680,39.20%,"1,047",60.30%,,,1,Cell suppressed for small numbers
2014-15,San Bernardino,"61,417",4.50%,29.5,"7,001",11.40%,"10,101",16.50%,"44,763",72.90%,"7,757",12.60%,"5,156",8.40%,"2,232",3.60%,"1,509",2.50%,"24,556",40.00%,"36,105",58.80%,756,1.20%,,
2014-15,San Diego,"96,705",7.00%,26.9,"15,104",15.60%,"10,543",10.90%,"50,459",52.20%,"27,685",28.60%,"5,712",5.90%,"8,368",8.70%,"4,481",4.60%,"23,110",23.90%,"71,282",73.70%,"2,313",2.40%,,
2014-15,San Francisco,"20,883",1.50%,26.7,"2,968",14.20%,"2,368",11.30%,"7,324",35.10%,"5,920",28.40%,"1,787",8.60%,"4,556",21.80%,"1,296",6.20%,"4,201",20.10%,"15,015",71.90%,"1,667",8.00%,,
2014-15,San Joaquin,"16,329",1.20%,27.9,"2,564",15.70%,"1,927",11.80%,"10,089",61.80%,"2,892",17.70%,"1,353",8.30%,"1,532",9.40%,463,2.80%,"5,555",34.00%,"10,436",63.90%,338,2.10%,,
2014-15,San Luis Obispo,"11,065",0.80%,25,"2,648",23.90%,"1,893",17.10%,"3,664",33.10%,"6,465",58.40%,215,1.90%,417,3.80%,304,2.80%,"1,654",15.00%,"9,305",84.10%,106,1.00%,,
2014-15,San Mateo,"10,682",0.80%,27,"1,794",16.80%,819,7.70%,"5,953",55.70%,"1,928",18.10%,283,2.70%,"1,941",18.20%,577,5.40%,"3,771",35.30%,"6,430",60.20%,481,4.50%,,
2014-15,Santa Barbara,"17,910",1.30%,27.2,"2,678",15.00%,"1,878",10.50%,"12,087",67.50%,"4,378",24.40%,279,1.60%,659,3.70%,507,2.80%,"7,672",42.80%,"9,857",55.00%,381,2.10%,,
2014-15,Santa Clara,"38,823",2.80%,27.9,"6,225",16.00%,"5,397",13.90%,"25,663",66.10%,"5,181",13.40%,"1,241",3.20%,"5,354",13.80%,"1,384",3.60%,"16,339",42.10%,"21,397",55.10%,"1,087",2.80%,,
2014-15,Santa Cruz,"11,210",0.80%,27.6,"1,800",16.10%,"1,352",12.10%,"7,073",63.10%,"3,176",28.30%,122,1.10%,474,4.20%,365,3.30%,"4,706",42.00%,"6,364",56.80%,140,1.30%,,
2014-15,Shasta,"5,611",0.40%,25.1,"1,312",23.40%,519,9.30%,692,12.30%,"4,161",74.20%,116,2.10%,266,4.70%,376,6.70%,211,3.80%,"5,323",94.90%,77,1.40%,,
2014-15,Sierra,50,<0.1%,26.2,,,,,,,32,64.00%,,,,,,,,,39,78.00%,,,1,Cell suppressed for small numbers
2014-15,Siskiyou,780,0.10%,25.1,223,28.60%,70,9.00%,124,15.90%,556,71.30%,32,4.10%,20,2.60%,48,6.20%,62,8.00%,706,90.50%,12,1.50%,,
2014-15,Solano,"9,311",0.70%,26.9,"1,503",16.10%,"1,093",11.70%,"3,872",41.60%,"2,117",22.70%,"1,652",17.70%,"1,041",11.20%,629,6.80%,"2,207",23.70%,"6,923",74.40%,181,1.90%,,
2014-15,Sonoma,"14,671",1.06%,27.7,"2,521",17.20%,"1,647",11.20%,"7,689",52.40%,"5,619",38.30%,308,2.10%,529,3.60%,526,3.60%,"5,419",36.90%,"9,075",61.90%,177,1.20%,,
2014-15,Stanislaus,"12,092",0.90%,27.8,"1,676",13.90%,"1,107",9.20%,"7,967",65.90%,"2,875",23.80%,399,3.30%,475,3.90%,376,3.10%,"4,398",36.40%,"7,576",62.70%,118,1.00%,,
2014-15,Sutter,"2,171",0.20%,27.4,386,17.80%,167,7.70%,"1,189",54.80%,690,31.80%,53,2.40%,148,6.80%,91,4.20%,711,32.80%,"1,393",64.20%,67,3.10%,,
2014-15,Tehama,"1,348",0.10%,27.2,253,18.80%,93,6.90%,639,47.40%,645,47.90%,,,,,40,3.00%,388,28.80%,956,70.90%,,,1,Cell suppressed for small numbers
2014-15,Trinity,187,<0.1%,26.2,42,22.50%,17,9.10%,,,148,79.10%,,,,,19,10.20%,,,181,96.80%,,,1,Cell suppressed for small numbers
2014-15,Tulare,"13,334",1.00%,28.4,"1,859",13.90%,"1,038",7.80%,"10,873",81.50%,"1,834",13.80%,166,1.20%,260,2.00%,201,1.50%,"5,872",44.00%,"7,359",55.20%,103,0.80%,,
2014-15,Tuolumne,460,<0.1%,24.6,122,26.50%,39,8.50%,73,15.90%,350,76.10%,,,,,22,4.80%,36,7.80%,423,92.00%,,,1,Cell suppressed for small numbers
2014-15,Ventura,"23,361",1.70%,27.9,"3,229",13.80%,"2,630",11.30%,"16,054",68.70%,"5,476",23.40%,411,1.80%,746,3.20%,674,2.90%,"9,307",39.80%,"13,651",58.40%,403,1.70%,,
2014-15,Yolo,"4,441",0.30%,25.8,"1,083",24.40%,412,9.30%,"2,454",55.30%,"1,189",26.80%,135,3.00%,430,9.70%,233,5.30%,"1,270",28.60%,"3,064",69.00%,107,2.40%,,
2014-15,Yuba,"1,351",0.10%,26.8,249,18.40%,107,7.90%,607,44.90%,583,43.20%,39,2.90%,62,4.60%,60,4.40%,345,25.50%,984,72.80%,22,1.60%,,
2015-16,California,"1,164,492",100%,28.5,"158,901",13.65%,"220,945",18.97%,"796,496",68.40%,"177,553",15.20%,"82,181",7.10%,"70,236",6.00%,"38,011",3.30%,"466,314",40.00%,"653,705",56.10%,"44,464",3.80%,,
2015-16,Alameda,"29,089",2.50%,25.4,"7,386",4.60%,"3,968",1.80%,"13,228",45.50%,"4,618",15.90%,"4,968",17.10%,"4,361",15.00%,"1,914",6.60%,"7,982",27.40%,"19,996",68.70%,"1,111",3.80%,,
2015-16,Alpine,52,<0.1%,25.5,16,<0.1%,,,20,38.50%,,,,,,,,,,,36,69.20%,,,1,Cell suppressed for small numbers
2015-16,Amador,473,<0.1%,24.8,115,0.10%,37,<0.1%,78,16.50%,355,75.10%,,,,,24,5.10%,39,8.20%,430,90.90%,,,1,Cell suppressed for small numbers
2015-16,Butte,"8,800",0.80%,23.3,"1,985",1.20%,759,0.30%,"2,093",23.80%,"5,616",63.80%,299,3.40%,386,4.40%,406,4.60%,520,5.90%,"8,158",92.70%,122,1.40%,,
2015-16,Calaveras,332,<0.1%,26.4,59,<0.1%,27,<0.1%,92,27.70%,212,63.90%,,,,,,,57,17.20%,263,79.20%,,,1,Cell suppressed for small numbers
2015-16,Colusa,598,0.10%,29.6,59,<0.1%,24,<0.1%,506,84.60%,68,11.40%,,,,,,,374,62.50%,218,36.50%,,,1,Cell suppressed for small numbers
2015-16,Contra Costa,"19,132",1.60%,26.9,"2,759",1.70%,"2,205",1.00%,"9,487",49.60%,"4,221",22.10%,"2,499",13.10%,"1,815",9.50%,"1,110",5.80%,"5,849",30.60%,"12,725",66.50%,558,2.90%,,
2015-16,Del Norte,381,<0.1%,22.7,161,0.10%,30,<0.1%,77,20.20%,244,64.00%,,,,,39,10.20%,40,10.50%,337,88.50%,,,1,Cell suppressed for small numbers
2015-16,El Dorado,"1,133",0.10%,26.5,229,0.10%,106,<0.1%,391,34.50%,664,58.60%,,,35,3.10%,33,2.90%,217,19.20%,892,78.70%,24,2.10%,1,Cell suppressed for small numbers
2015-16,Fresno,"22,473",1.90%,27.4,"3,072",1.90%,"2,757",1.20%,"15,954",71.00%,"3,342",14.90%,"1,365",6.10%,"1,225",5.50%,587,2.60%,"7,914",35.20%,"14,200",63.20%,359,1.60%,,
2015-16,Glenn,689,0.10%,27.1,98,0.10%,41,<0.1%,428,62.10%,221,32.10%,,,16,2.30%,20,2.90%,241,35.00%,444,64.40%,,,1,Cell suppressed for small numbers
2015-16,Humboldt,"5,434",0.50%,24.3,"1,168",0.70%,760,0.30%,"1,202",22.10%,"3,406",62.70%,185,3.40%,197,3.60%,444,8.20%,390,7.20%,"4,986",91.80%,58,1.10%,,
2015-16,Imperial,"1,922",0.20%,25,363,0.20%,154,0.10%,"1,698",88.30%,160,8.30%,22,1.10%,20,1.00%,22,1.10%,681,35.40%,"1,233",64.20%,,,1,Cell suppressed for small numbers
2015-16,Inyo,225,<0.1%,27.8,59,<0.1%,17,<0.1%,131,58.20%,78,34.70%,,,,,,,81,36.00%,141,62.70%,,,1,Cell suppressed for small numbers
2015-16,Kern,"16,295",1.40%,27.6,"2,438",1.50%,"2,069",0.90%,"12,487",76.60%,"2,370",14.50%,802,4.90%,369,2.30%,267,1.60%,"6,784",41.60%,"9,398",57.70%,113,0.70%,,
2015-16,Kings,"2,262",0.20%,28.1,326,0.20%,273,0.10%,"1,727",76.30%,344,15.20%,83,3.70%,50,2.20%,58,2.60%,906,40.10%,"1,338",59.20%,18,0.80%,,
2015-16,Lake,914,0.10%,26,191,0.10%,97,<0.1%,311,34.00%,527,57.70%,24,2.60%,16,1.80%,36,3.90%,192,21.00%,718,78.60%,,,1,Cell suppressed for small numbers
2015-16,Lassen,879,0.10%,27.4,190,0.10%,223,0.10%,500,56.90%,230,26.20%,87,9.90%,37,4.20%,25,2.80%,276,31.40%,589,67.00%,,,1,Cell suppressed for small numbers
2015-16,Los Angeles,"568,386",48.80%,29.7,"66,214",41.70%,"148,582",67.20%,"433,707",76.30%,"45,245",8.00%,"48,108",8.50%,"25,608",4.50%,"15,718",2.80%,"261,250",46.00%,"277,839",48.90%,"29,297",5.20%,,
2015-16,Madera,"4,527",0.40%,27.8,568,0.40%,447,0.20%,"3,952",87.30%,365,8.10%,86,1.90%,52,1.10%,72,1.60%,"2,340",51.70%,"2,146",47.40%,41,0.90%,,
2015-16,Marin,"5,374",0.50%,27.1,"1,012",0.60%,563,0.30%,"3,242",60.30%,"1,564",29.10%,142,2.60%,219,4.10%,207,3.90%,"2,645",49.20%,"2,558",47.60%,171,3.20%,,
2015-16,Mariposa,119,<0.1%,27.3,23,0.00%,,,50,42.00%,62,52.10%,,,,,,,24,20.20%,92,77.30%,,,1,Cell suppressed for small numbers
2015-16,Mendocino,"2,636",0.20%,26,639,0.40%,189,0.10%,"1,112",42.20%,"1,308",49.60%,32,1.20%,53,2.00%,131,5.00%,701,26.60%,"1,911",72.50%,24,0.90%,,
2015-16,Merced,"5,170",0.40%,27,752,0.50%,385,0.20%,"4,133",79.90%,574,100.00%,135,2.60%,245,4.70%,83,1.60%,"2,441",47.20%,"2,676",51.80%,53,1.00%,,
2015-16,Modoc,76,<0.1%,26.3,21,<0.1%,,,26,34.20%,48,63.20%,,,,,,,,,59,77.60%,,,1,Cell suppressed for small numbers
2015-16,Mono,338,<0.1%,28.6,48,<0.1%,,,203,60.10%,121,35.80%,,,,,,,171,50.60%,162,47.90%,,,1,Cell suppressed for small numbers
2015-16,Monterey,"13,551",1.20%,28.1,"1,589",1.00%,"1,248",0.60%,"11,494",84.80%,"1,278",9.40%,194,1.40%,329,2.40%,256,1.90%,"8,399",62.00%,"4,840",35.70%,312,2.30%,,
2015-16,Napa,"3,516",0.30%,27.4,565,0.40%,375,0.20%,"2,350",66.80%,889,25.30%,38,1.10%,112,3.20%,127,3.60%,"1,531",43.50%,"1,887",53.70%,98,2.80%,,
2015-16,Nevada,"1,761",0.20%,25.7,429,0.30%,174,0.10%,413,23.50%,"1,218",69.20%,,,35,2.00%,81,4.60%,262,14.90%,"1,471",83.50%,28,1.60%,1,Cell suppressed for small numbers
2015-16,Orange,"78,359",6.70%,28.7,"9,271",5.80%,"9,952",4.50%,"53,147",67.80%,"13,870",17.70%,"1,430",1.80%,"7,535",9.60%,"2,377",3.00%,"31,956",40.80%,"41,953",53.50%,"4,450",5.70%,,
2015-16,Placer,"2,850",0.20%,26.7,504,0.30%,269,0.10%,969,34.00%,"1,489",52.20%,77,2.70%,154,5.40%,161,5.60%,644,22.60%,"2,163",75.90%,43,1.50%,,
2015-16,Plumas,882,0.10%,22.4,333,0.20%,254,0.10%,130,14.70%,561,63.60%,97,11.00%,23,2.60%,71,8.00%,48,5.40%,821,93.10%,93,1.50%,,
2015-16,Riverside,"47,109",4.00%,28,"6,802",4.30%,"6,443",2.90%,"33,590",71.30%,"7,618",16.20%,"3,051",6.50%,"1,700",3.60%,"1,150",2.40%,"15,796",33.50%,"30,854",65.50%,459,1.00%,,
2015-16,Sacramento,"21,856",1.90%,26.9,"2,783",1.80%,"2,583",1.20%,"9,143",41.80%,"5,985",27.40%,"3,127",14.30%,"2,352",10.80%,"1,249",5.70%,"5,120",23.40%,"16,060",73.50%,676,3.10%,,
2015-16,San Benito,"1,385",0.10%,26.7,208,0.10%,112,0.10%,"1,127",81.40%,185,13.40%,16,1.20%,16,1.20%,41,3.00%,562,40.60%,817,59.00%,,,1,Cell suppressed for small numbers
2015-16,San Bernardino,"50,090",4.30%,30.3,"5,670",3.60%,"8,948",4.00%,"38,048",76.00%,"5,311",10.60%,"3,944",7.90%,"1,584",3.20%,"1,203",2.40%,"22,156",44.20%,"27,495",54.90%,439,0.90%,,
2015-16,San Diego,"76,971",6.60%,26.4,"11,892",7.50%,"8,526",3.90%,"40,311",52.40%,"21,668",28.20%,"4,543",5.90%,"6,729",8.70%,"3,720",4.80%,"18,533",24.10%,"56,612",73.50%,"1,826",2.40%,,
2015-16,San Francisco,"17,160",1.50%,25.5,"2,835",1.80%,"1,884",0.90%,"6,276",36.60%,"4,605",26.80%,"1,479",8.60%,"3,719",21.70%,"1,081",6.30%,"3,512",20.50%,"12,412",72.30%,"1,236",7.20%,,
2015-16,San Joaquin,"12,484",1.10%,27,"1,952",1.20%,"1,473",0.70%,"7,948",63.70%,"2,013",16.10%,996,8.00%,"1,144",9.20%,383,3.10%,"4,513",36.20%,"7,699",61.70%,272,2.20%,,
2015-16,San Luis Obispo,"8,983",0.80%,24.3,"2,208",1.40%,"1,464",0.70%,"2,959",32.90%,"5,232",58.20%,145,1.60%,399,4.40%,248,2.80%,"1,394",15.50%,"7,517",83.70%,72,0.80%,,
2015-16,San Mateo,"10,250",0.90%,26.1,"1,955",1.20%,773,0.30%,"6,119",59.70%,"1,615",15.80%,344,3.40%,"1,636",16.00%,536,5.20%,"3,913",38.20%,"5,938",57.90%,399,3.90%,,
2015-16,Santa Barbara,"14,449",1.20%,26.6,"2,078",1.30%,"1,572",0.70%,"9,929",68.70%,"3,324",23.00%,238,1.60%,545,3.80%,413,2.90%,"6,533",45.20%,"7,507",52.00%,409,2.80%,,
2015-16,Santa Clara,"28,178",2.40%,26.4,"5,022",3.20%,"3,184",1.40%,"18,296",64.90%,"3,854",13.70%,864,3.10%,"4,149",14.70%,"1,015",3.60%,"11,107",39.40%,"16,334",58.00%,737,2.60%,,
2015-16,Santa Cruz,"7,678",0.70%,26.2,"1,341",0.80%,800,0.40%,"4,875",63.50%,"2,135",27.80%,83,1.10%,321,4.20%,264,3.40%,"3,157",400.00%,"4,437",57.80%,84,1.10%,,
2015-16,Shasta,"3,776",0.30%,24.5,871,0.50%,405,0.20%,517,13.70%,"2,742",72.60%,,,181,4.80%,249,6.60%,193,5.10%,"3,529",93.50%,54,1.40%,1,Cell suppressed for small numbers
2015-16,Sierra,37,<0.1%,27,,,,,,,22,59.50%,87,235.10%,,,,,,,28,75.70%,,,1,Cell suppressed for small numbers
2015-16,Siskiyou,447,<0.1%,24.5,146,0.10%,34,<0.1%,78,17.40%,304,68.00%,18,4.00%,,,32,7.20%,43,9.60%,399,89.30%,,,1,Cell suppressed for small numbers
2015-16,Solano,"7,409",0.60%,26.4,"1,225",0.80%,925,0.40%,"3,311",44.70%,"1,525",20.60%,"1,333",18.00%,811,10.90%,429,5.80%,"1,942",26.20%,"5,359",72.30%,108,1.50%,,
2015-16,Sonoma,"11,681",1.00%,26.3,"2,171",1.40%,"1,256",0.60%,"6,439",55.10%,"4,234",36.20%,250,2.10%,381,3.30%,377,3.20%,"4,494",38.50%,"7,059",60.40%,128,1.10%,,
2015-16,Stanislaus,"9,054",0.80%,27.6,"1,205",0.80%,798,0.40%,"6,275",69.30%,"1,887",20.80%,287,3.20%,360,4.00%,245,2.70%,"3,644",40.20%,"5,337",58.90%,73,0.80%,,
2015-16,Sutter,"1,627",0.10%,26.2,303,0.20%,141,0.10%,917,56.40%,500,30.70%,42,2.60%,92,5.70%,76,4.70%,549,33.70%,"1,044",64.20%,34,2.10%,,
2015-16,Tehama,"1,125",0.10%,26.1,223,0.10%,81,<0.1%,510,45.30%,572,50.80%,,,,,26,2.30%,319,28.40%,803,71.40%,,,1,Cell suppressed for small numbers
2015-16,Trinity,128,<0.1%,25.4,27,<0.1%,,,,,105,82.00%,,,,,,,,,126,98.40%,,,1,Cell suppressed for small numbers
2015-16,Tulare,"11,048",0.90%,28.3,"1,577",1.00%,903,0.40%,"9,200",83.30%,"1,356",12.30%,146,1.30%,200,1.80%,146,1.30%,"4,988",45.10%,"5,975",54.10%,85,0.80%,,
2015-16,Tuolumne,280,<0.1%,23.6,81,0.10%,19,<0.1%,38,13.60%,216,77.10%,,,,,,,,,265,94.60%,,,1,Cell suppressed for small numbers
2015-16,Ventura,"18,009",1.50%,27.2,"2,526",1.60%,"2,125",1.00%,"12,651",70.20%,"3,943",21.90%,284,1.60%,546,3.00%,585,3.20%,"7,397",400.00%,"10,316",57.30%,296,1.60%,,
2015-16,Yolo,"3,525",0.30%,23.9,955,0.60%,367,0.20%,"2,060",58.40%,863,24.50%,116,3.30%,347,9.80%,139,3.90%,"1,127",32.00%,"2,318",65.80%,80,2.30%,,
2015-16,Yuba,"1,125",0.10%,26.3,203,0.10%,101,<0.1%,537,47.70%,458,40.70%,42,3.70%,38,3.40%,50,4.40%,327,29.10%,785,69.80%,,,1,Cell suppressed for small numbers
2016-17,California,"1,079,880",100%,29.2,"146,224",13.54%,"218,372",20.22%,"727,793",67.40%,"159,976",14.81%,"89,600",8.30%,"66,129",6.12%,"36,374",3.37%,"409,870",37.96%,"631,675",58.49%,"38,331",3.55%,,
2016-17,Alameda,"28,601",2.65%,25.8,"7,662",26.79%,"3,999",13.98%,"13,274",46.41%,"4,358",15.24%,"4,875",17.04%,"4,240",14.82%,"1,854",6.48%,"7,717",26.98%,"19,782",69.17%,"1,102",3.85%,,
2016-17,Alpine,45,<0.1%,27,,,,,19,42.22%,12,26.67%,,,,,,,,,29,64.44%,,,1,Cell suppressed for small numberss
2016-17,Amador,381,<0.1%,25.4,96,25.20%,28,7.35%,76,19.95%,282,74.02%,,,,,14,3.67%,37,9.71%,338,88.71%,,,1,Cell suppressed for small numberss
2016-17,Butte,"7,561",0.70%,24,"1,638",21.66%,655,8.66%,"1,964",25.98%,"4,544",60.10%,266,3.52%,372,4.92%,415,5.49%,456,6.03%,"7,021",92.86%,84,1.11%,,
2016-17,Calaveras,231,<0.1%,25.8,50,21.65%,21,9.09%,60,25.97%,145,62.77%,,,,,,,34,14.72%,189,81.82%,,,1,Cell suppressed for small numberss
2016-17,Colusa,441,<0.1%,30.1,57,12.93%,21,4.76%,369,83.67%,54,12.24%,,,,,,,261,59.18%,180,40.82%,,,1,Cell suppressed for small numberss
2016-17,Contra Costa,"18,276",1.69%,27.6,"2,831",15.49%,"2,255",12.34%,"9,094",49.76%,"3,832",20.97%,"2,433",13.31%,"1,801",9.85%,"1,116",6.11%,"5,388",29.48%,"12,293",67.26%,595,3.26%,,
2016-17,Del Norte,306,<0.1%,22,161,52.61%,20,6.54%,66,21.57%,182,59.48%,,,,,44,14.38%,34,11.11%,269,87.91%,,,1,Cell suppressed for small numberss
2016-17,El Dorado,980,<0.1%,26.6,205,20.92%,95,9.69%,314,32.04%,575,58.67%,,,41,4.18%,40,4.08%,183,18.67%,774,78.98%,23,2.35%,1,Cell suppressed for small numberss
2016-17,Fresno,"19,257",1.78%,27.9,"2,934",15.24%,"2,731",14.18%,"13,438",69.78%,"2,868",14.89%,"1,301",6.76%,"1,116",5.80%,534,2.77%,"6,061",31.47%,"12,894",66.96%,302,1.57%,,
2016-17,Glenn,674,<0.1%,27.8,103,15.28%,50,7.42%,446,66.17%,200,29.67%,,,,,13,1.93%,247,36.65%,424,62.91%,,,1,Cell suppressed for small numberss
2016-17,Humboldt,"4,999",0.46%,24.7,"1,112",22.24%,767,15.34%,"1,238",24.76%,"3,011",60.23%,198,3.96%,166,3.32%,386,7.72%,344,6.88%,"4,613",92.28%,42,0.84%,,
2016-17,Imperial,"1,910",0.18%,25.5,409,21.41%,213,11.15%,"1,664",87.12%,180,9.42%,25,1.31%,21,1.10%,20,1.05%,579,30.31%,"1,324",69.32%,,,1,Cell suppressed for small numberss
2016-17,Inyo,171,<0.1%,26.5,42,24.56%,23,13.45%,88,51.46%,57,33.33%,,,,,21,12.28%,58,33.92%,109,63.74%,,,1,Cell suppressed for small numberss
2016-17,Kern,"14,588",1.35%,28.6,"2,218",15.20%,"2,005",13.74%,"11,233",77.00%,"2,007",13.76%,746,5.11%,333,2.28%,269,1.84%,"6,010",41.20%,"8,463",58.01%,115,0.79%,,
2016-17,Kings,"1,960",0.18%,28.2,331,16.89%,238,12.14%,"1,522",77.65%,281,14.34%,56,2.86%,45,2.30%,56,2.86%,735,37.50%,"1,207",61.58%,18,0.92%,,
2016-17,Lake,818,<0.1%,27,157,19.19%,116,14.18%,313,38.26%,421,51.47%,32,3.91%,18,2.20%,34,4.16%,193,23.59%,620,75.79%,,,1,Cell suppressed for small numberss
2016-17,Lassen,756,<0.1%,24.6,143,18.92%,240,31.75%,439,58.07%,148,19.58%,115,15.21%,32,4.23%,22,2.91%,224,29.63%,515,68.12%,17,2.25%,,
2016-17,Los Angeles,"530,886",49.16%,30.6,"58,158",10.95%,"145,958",27.49%,"392,684",73.97%,"42,385",7.98%,"56,803",10.70%,"23,907",4.50%,"15,099",2.84%,"226,183",42.60%,"280,048",52.75%,"24,651",4.64%,,
2016-17,Madera,"4,215",0.39%,28.7,560,13.29%,438,10.39%,"3,620",85.88%,356,8.45%,109,2.59%,64,1.52%,66,1.57%,"2,092",49.63%,"2,080",49.35%,43,1.02%,,
2016-17,Marin,"5,252",0.49%,28,"1,044",19.88%,596,11.35%,"3,147",59.92%,"1,527",29.07%,147,2.80%,221,4.21%,210,4.00%,"2,502",47.64%,"2,562",48.78%,188,3.58%,,
2016-17,Mariposa,139,<0.1%,27.3,20,14.39%,23,16.55%,50,35.97%,68,48.92%,,,,,,,22,15.83%,115,82.73%,,,1,Cell suppressed for small numberss
2016-17,Mendocino,"2,404",0.22%,27.1,606,25.21%,214,8.90%,"1,090",45.34%,"1,112",46.26%,37,1.54%,44,1.83%,121,5.03%,691,28.74%,"1,693",70.42%,20,0.83%,,
2016-17,Merced,"5,011",0.46%,27.9,781,15.59%,422,8.42%,"4,020",80.22%,539,10.76%,139,2.77%,243,4.85%,70,1.40%,"2,260",45.10%,"2,703",53.94%,48,0.96%,,
2016-17,Modoc,72,<0.1%,24.6,19,26.39%,,,24,33.33%,43,59.72%,,,,,,,16,22.22%,56,77.78%,,,1,Cell suppressed for small numberss
2016-17,Mono,239,<0.1%,31.6,22,9.21%,,,156,65.27%,75,31.38%,,,,,,,129,53.97%,109,45.61%,,,1,Cell suppressed for small numberss
2016-17,Monterey,"12,826",1.19%,29.2,"1,421",11.08%,"1,164",9.08%,"10,908",85.05%,"1,201",9.36%,175,1.36%,323,2.52%,219,1.71%,"7,893",61.54%,"4,624",36.05%,309,2.41%,,
2016-17,Napa,"3,318",0.31%,27.9,577,17.39%,399,12.03%,"2,109",63.56%,864,26.04%,63,1.90%,137,4.13%,145,4.37%,"1,310",39.48%,"1,928",58.11%,80,2.41%,,
2016-17,Nevada,"1,507",0.14%,26.9,361,23.95%,172,11.41%,377,25.02%,"1,022",67.82%,12,0.80%,30,1.99%,66,4.38%,237,15.73%,"1,249",82.88%,21,1.39%,,
2016-17,Orange,"75,161",6.96%,29.4,"8,859",11.79%,"10,939",14.55%,"50,658",67.40%,"13,060",17.38%,"1,416",1.88%,"7,554",10.05%,"2,473",3.29%,"29,926",39.82%,"41,706",55.49%,"3,529",4.70%,,
2016-17,Placer,"2,605",0.24%,27.4,448,17.20%,266,10.21%,943,36.20%,"1,307",50.17%,70,2.69%,133,5.11%,152,5.83%,575,22.07%,"1,997",76.66%,33,1.27%,,
2016-17,Plumas,843,<0.1%,23.1,322,38.20%,249,29.54%,107,12.69%,558,66.19%,86,10.20%,24,2.85%,68,8.07%,42,4.98%,793,94.07%,,,1,Cell suppressed for small numberss
2016-17,Riverside,"41,786",3.87%,28.6,"6,554",15.68%,"5,825",13.94%,"29,474",70.54%,"6,800",16.27%,"2,865",6.86%,"1,537",3.68%,"1,110",2.66%,"13,157",31.49%,"28,023",67.06%,606,1.45%,,
2016-17,Sacramento,"19,292",1.79%,27.9,"2,452",12.71%,"2,654",13.76%,"8,076",41.86%,"5,311",27.53%,"2,824",14.64%,"1,992",10.33%,"1,089",5.64%,"4,395",22.78%,"14,351",74.39%,546,2.83%,,
2016-17,San Benito,"1,192",0.11%,28.4,162,13.59%,97,8.14%,966,81.04%,167,14.01%,,,20,1.68%,29,2.43%,466,39.09%,724,60.74%,,,1,Cell suppressed for small numberss
2016-17,San Bernardino,"46,616",4.32%,30.1,"5,455",11.70%,"8,903",19.10%,"35,353",75.84%,"4,766",10.22%,"3,900",8.37%,"1,522",3.26%,"1,075",2.31%,"19,128",41.03%,"27,086",58.10%,402,0.86%,,
2016-17,San Diego,"70,090",6.49%,27.3,"10,794",15.40%,"8,312",11.86%,"36,799",52.50%,"19,249",27.46%,"4,325",6.17%,"6,251",8.92%,"3,466",4.95%,"16,457",23.48%,"51,941",74.11%,"1,692",2.41%,,
2016-17,San Francisco,"15,659",1.45%,26,"2,856",18.24%,"1,633",10.43%,"5,715",36.50%,"3,885",24.81%,"1,433",9.15%,"3,562",22.75%,"1,064",6.79%,"2,834",18.10%,"11,703",74.74%,"1,122",7.17%,,
2016-17,San Joaquin,"11,691",1.08%,28.4,"1,866",15.96%,"1,394",11.92%,"7,594",64.96%,"1,783",15.25%,983,8.41%,990,8.47%,341,2.92%,"4,214",36.04%,"7,222",61.77%,255,2.18%,,
2016-17,San Luis Obispo,"8,341",0.77%,24.8,"2,215",26.56%,"1,656",19.85%,"2,881",34.54%,"4,665",55.93%,133,1.59%,410,4.92%,252,3.02%,"1,264",15.15%,"7,013",84.08%,64,0.77%,,
2016-17,San Mateo,"9,600",0.89%,26.7,"1,848",19.25%,781,8.14%,"5,688",59.25%,"1,439",14.99%,298,3.10%,"1,603",16.70%,572,5.96%,"3,569",37.18%,"5,612",58.46%,419,4.36%,,
2016-17,Santa Barbara,"13,843",1.28%,27.9,"1,966",14.20%,"1,560",11.27%,"9,714",70.17%,"2,996",21.64%,244,1.76%,518,3.74%,371,2.68%,"6,395",46.20%,"7,028",50.77%,420,3.03%,,
2016-17,Santa Clara,"26,085",2.42%,27.8,"4,915",18.84%,"3,060",11.73%,"16,987",65.12%,"3,358",12.87%,879,3.37%,"3,866",14.82%,995,3.81%,"10,118",38.79%,"15,286",58.60%,681,2.61%,,
2016-17,Santa Cruz,"6,908",0.64%,28.2,"1,114",16.13%,870,12.59%,"4,430",64.13%,"1,855",26.85%,82,1.19%,300,4.34%,241,3.49%,"2,819",40.81%,"3,996",57.85%,93,1.35%,,
2016-17,Shasta,"3,430",0.32%,25.4,803,23.41%,376,10.96%,486,14.17%,"2,481",72.33%,77,2.24%,155,4.52%,231,6.73%,170,4.96%,"3,224",93.99%,36,1.05%,,
2016-17,Sierra,47,<0.1%,28.9,,,,,15,31.91%,27,57.45%,,,,,,,,,37,78.72%,,,1,Cell suppressed for small numberss
2016-17,Siskiyou,318,<0.1%,24.4,115,36.16%,15,4.72%,61,19.18%,220,69.18%,,,,,22,6.92%,34,10.69%,281,88.36%,,,1,Cell suppressed for small numberss
2016-17,Solano,"6,996",0.65%,27.5,"1,124",16.07%,919,13.14%,"3,128",44.71%,"1,349",19.28%,"1,263",18.05%,786,11.23%,470,6.72%,"1,844",26.36%,"5,028",71.87%,124,1.77%,,
2016-17,Sonoma,"10,723",0.99%,27.8,"2,141",19.97%,"1,414",13.19%,"6,253",58.31%,"3,512",32.75%,239,2.23%,337,3.14%,382,3.56%,"4,256",39.69%,"6,364",59.35%,103,0.96%,,
2016-17,Stanislaus,"8,044",0.74%,28.6,"1,106",13.75%,732,9.10%,"5,597",69.58%,"1,667",20.72%,273,3.39%,290,3.61%,217,2.70%,"3,267",40.61%,"4,698",58.40%,79,0.98%,,
2016-17,Sutter,"1,312",0.12%,27.9,228,17.38%,123,9.38%,751,57.24%,394,30.03%,38,2.90%,84,6.40%,45,3.43%,464,35.37%,826,62.96%,22,1.68%,,
2016-17,Tehama,"1,042",0.10%,27.1,220,21.11%,80,7.68%,495,47.50%,495,47.50%,,,,,36,3.45%,285,27.35%,751,72.07%,,,1,Cell suppressed for small numberss
2016-17,Trinity,125,<0.1%,28.1,26,20.80%,,,,,95,76.00%,,,,,13,10.40%,,,121,96.80%,,,1,Cell suppressed for small numberss
2016-17,Tulare,"9,669",0.90%,28.7,"1,474",15.24%,964,9.97%,"7,985",82.58%,"1,257",13.00%,115,1.19%,179,1.85%,133,1.38%,"4,291",44.38%,"5,316",54.98%,62,0.64%,,
2016-17,Tuolumne,246,<0.1%,24.7,62,25.20%,16,6.50%,33,13.41%,192,78.05%,,,,,,,15,6.10%,229,93.09%,,,1,Cell suppressed for small numberss
2016-17,Ventura,"16,105",1.49%,28.3,"2,198",13.65%,"2,132",13.24%,"11,354",70.50%,"3,529",21.91%,281,1.74%,441,2.74%,500,3.10%,"6,696",41.58%,"9,146",56.79%,263,1.63%,,
2016-17,Yolo,"3,394",0.31%,25.4,"1,002",29.52%,410,12.08%,"2,006",59.10%,848,24.99%,115,3.39%,308,9.07%,117,3.45%,"1,021",30.08%,"2,326",68.53%,47,1.38%,,
2016-17,Yuba,893,<0.1%,27.4,164,18.37%,94,10.53%,431,48.26%,362,40.54%,44,4.93%,32,3.58%,24,2.69%,251,28.11%,636,71.22%,,,1,Cell suppressed for small numberss
2017-18,California,"940,309",100%,29.4,"124,121",13.20%,"173,410",18.44%,"639,476",68.01%,"135,886",14.45%,"75,069",7.98%,"58,608",6.23%,"31,226",3.32%,"353,767",37.62%,"555,860",59.11%,"30,638",3.26%,,
2017-18,Alameda,"25,546",2.72%,25.6,"6,705",26.25%,"3,502",13.71%,"12,202",47.76%,"3,619",14.17%,"4,240",16.60%,"3,904",15.28%,"1,581",6.19%,"7,175",28.09%,"17,478",68.42%,893,3.50%,,
2017-18,Alpine,42,<0.1%,26.4,,,,,20,47.62%,,,,,,,,,14,33.33%,24,57.14%,,,1,Cell suppressed for small numberss
2017-18,Amador,227,<0.1%,25.9,41,18.06%,,,58,25.55%,146,64.32%,,,,,14,6.17%,27,11.89%,194,85.46%,,,1,Cell suppressed for small numberss
2017-18,Butte,"6,641",0.71%,23.6,"1,370",20.63%,644,9.70%,"1,837",27.66%,"3,836",57.76%,224,3.37%,323,4.86%,421,6.34%,408,6.14%,"6,140",92.46%,93,1.40%,,
2017-18,Calaveras,145,<0.1%,26.9,24,16.55%,13,8.97%,38,26.21%,94,64.83%,,,,,,,19,13.10%,123,84.83%,,,1,Cell suppressed for small numberss
2017-18,Colusa,352,<0.1%,29.7,46,13.07%,22,6.25%,287,81.53%,56,15.91%,,,,,,,197,55.97%,154,43.75%,,,1,Cell suppressed for small numberss
2017-18,Contra Costa,"16,316",1.74%,27.4,"2,457",15.06%,"2,020",12.38%,"8,264",50.65%,"3,210",19.67%,"2,124",13.02%,"1,647",10.09%,"1,071",6.56%,"4,781",29.30%,"10,944",67.08%,591,3.62%,,
2017-18,Del Norte,285,<0.1%,21,155,54.39%,14,4.91%,69,24.21%,168,58.95%,,,,,36,12.63%,30,10.53%,255,89.47%,,,1,Cell suppressed for small numberss
2017-18,El Dorado,879,<0.1%,26.7,199,22.64%,84,9.56%,316,35.95%,486,55.29%,16,1.82%,28,3.19%,33,3.75%,171,19.45%,688,78.27%,20,2.28%,,
2017-18,Fresno,"17,058",1.81%,27.3,"2,691",15.78%,"2,658",15.58%,"12,052",70.65%,"2,441",14.31%,"1,116",6.54%,997,5.84%,452,2.65%,"4,916",28.82%,"11,897",69.74%,245,1.44%,,
2017-18,Glenn,576,<0.1%,26.6,85,14.76%,40,6.94%,367,63.72%,178,30.90%,,,12,2.08%,16,2.78%,197,34.20%,371,64.41%,,,1,Cell suppressed for small numberss
2017-18,Humboldt,"4,811",0.51%,24.3,"1,042",21.66%,829,17.23%,"1,264",26.27%,"2,811",58.43%,212,4.41%,167,3.47%,357,7.42%,310,6.44%,"4,456",92.62%,45,0.94%,,
2017-18,Imperial,"1,886",0.20%,24.7,416,22.06%,209,11.08%,"1,674",88.76%,153,8.11%,18,0.95%,20,1.06%,21,1.11%,574,30.43%,"1,307",69.30%,,,1,Cell suppressed for small numberss
2017-18,Inyo,150,<0.1%,28.6,41,27.33%,27,18.00%,79,52.67%,57,38.00%,,,,,13,8.67%,41,27.33%,102,68.00%,,,1,Cell suppressed for small numberss
2017-18,Kern,"13,669",1.45%,28.2,"1,990",14.56%,"2,111",15.44%,"10,722",78.44%,"1,685",12.33%,688,5.03%,312,2.28%,262,1.92%,"5,715",41.81%,"7,835",57.32%,119,0.87%,,
2017-18,Kings,"1,815",0.19%,27.6,335,18.46%,236,13.00%,"1,381",76.09%,275,15.15%,73,4.02%,46,2.53%,40,2.20%,587,32.34%,"1,218",67.11%,,,1,Cell suppressed for small numberss
2017-18,Lake,756,<0.1%,26.7,151,19.97%,98,12.96%,306,40.48%,381,50.40%,23,3.04%,,,37,4.89%,195,25.79%,552,73.02%,,,1,Cell suppressed for small numberss
2017-18,Lassen,624,<0.1%,28.1,118,18.91%,151,24.20%,340,54.49%,133,21.31%,97,15.54%,32,5.13%,22,3.53%,169,27.08%,439,70.35%,16,2.56%,,
2017-18,Los Angeles,"438,071",46.59%,30.3,"44,529",10.16%,"105,281",24.03%,"328,882",75.08%,"32,339",7.38%,"45,060",10.29%,"19,995",4.56%,"11,793",2.69%,"188,933",43.13%,"229,857",52.47%,"19,279",4.40%,,
2017-18,Madera,"3,925",0.42%,28.3,519,13.22%,446,11.36%,"3,380",86.11%,352,8.97%,98,2.50%,43,1.10%,52,1.32%,"1,876",47.80%,"2,016",51.36%,33,0.84%,,
2017-18,Marin,"5,067",0.54%,26.8,"1,056",20.84%,593,11.70%,"3,137",61.91%,"1,407",27.77%,133,2.62%,199,3.93%,191,3.77%,"2,507",49.48%,"2,355",46.48%,205,4.05%,,
2017-18,Mariposa,125,<0.1%,29.1,13,10.40%,24,19.20%,40,32.00%,68,54.40%,,,,,,,24,19.20%,98,78.40%,,,1,Cell suppressed for small numberss
2017-18,Mendocino,"2,184",0.23%,26.4,550,25.18%,170,7.78%,"1,030",47.16%,980,44.87%,27,1.24%,36,1.65%,111,5.08%,614,28.11%,"1,551",71.02%,19,0.87%,,
2017-18,Merced,"4,761",0.51%,27.2,780,16.38%,441,9.26%,"3,780",79.40%,505,10.61%,138,2.90%,256,5.38%,82,1.72%,"1,995",41.90%,"2,719",57.11%,47,0.99%,,
2017-18,Modoc,60,<0.1%,27.8,,,,,20,33.33%,39,65.00%,,,,,,,13,21.67%,47,78.33%,,,1,Cell suppressed for small numberss
2017-18,Mono,195,<0.1%,29.7,31,15.90%,,,132,67.69%,55,28.21%,,,,,,,102,52.31%,92,47.18%,,,1,Cell suppressed for small numberss
2017-18,Monterey,"11,847",1.26%,28.9,"1,188",10.03%,"1,143",9.65%,"10,245",86.48%,960,8.10%,152,1.28%,284,2.40%,206,1.74%,"7,345",62.00%,"4,191",35.38%,311,2.63%,,
2017-18,Napa,"2,946",0.31%,27.6,484,16.43%,331,11.24%,"1,905",64.66%,742,25.19%,52,1.77%,124,4.21%,123,4.18%,"1,180",40.05%,"1,708",57.98%,58,1.97%,,
2017-18,Nevada,"1,321",0.14%,26.1,333,25.21%,169,12.79%,371,28.08%,832,62.98%,13,0.98%,23,1.74%,82,6.21%,221,16.73%,"1,074",81.30%,26,1.97%,,
2017-18,Orange,"67,897",7.22%,28.9,"7,834",11.54%,"9,918",14.61%,"45,831",67.50%,"11,649",17.16%,"1,267",1.87%,"7,012",10.33%,"2,138",3.15%,"26,345",38.80%,"39,222",57.77%,"2,330",3.43%,,
2017-18,Placer,"2,174",0.23%,26.7,370,17.02%,224,10.30%,763,35.10%,"1,098",50.51%,68,3.13%,119,5.47%,126,5.80%,446,20.52%,"1,694",77.92%,34,1.56%,,
2017-18,Plumas,832,<0.1%,22.8,340,40.87%,249,29.93%,110,13.22%,546,65.63%,81,9.74%,27,3.25%,68,8.17%,34,4.09%,788,94.71%,,,1,Cell suppressed for small numberss
2017-18,Riverside,"40,711",4.33%,28.3,"6,100",14.98%,"6,349",15.60%,"28,729",70.57%,"6,345",15.59%,"2,997",7.36%,"1,499",3.68%,"1,141",2.80%,"11,998",29.47%,"28,208",69.29%,505,1.24%,,
2017-18,Sacramento,"14,982",1.59%,27.3,"2,038",13.60%,"2,266",15.12%,"6,394",42.68%,"3,907",26.08%,"2,190",14.62%,"1,592",10.63%,899,6.00%,"3,352",22.37%,"11,261",75.16%,369,2.46%,,
2017-18,San Benito,940,0.10%,28.2,101,10.74%,82,8.72%,762,81.06%,116,12.34%,16,1.70%,24,2.55%,22,2.34%,393,41.81%,546,58.09%,,,1,Cell suppressed for small numberss
2017-18,San Bernardino,"43,191",4.59%,30.1,"5,133",11.88%,"7,717",17.87%,"32,624",75.53%,"4,311",9.98%,"3,833",8.87%,"1,442",3.34%,981,2.27%,"16,833",38.97%,"26,016",60.23%,342,0.79%,,
2017-18,San Diego,"66,187",7.04%,27,"10,076",15.22%,"8,208",12.40%,"35,155",53.11%,"17,707",26.75%,"4,239",6.40%,"5,772",8.72%,"3,314",5.01%,"14,982",22.64%,"49,618",74.97%,"1,587",2.40%,,
2017-18,San Francisco,"13,699",1.46%,25.2,"2,612",19.07%,"1,359",9.92%,"5,093",37.18%,"3,239",23.64%,"1,268",9.26%,"3,122",22.79%,977,7.13%,"2,489",18.17%,"10,244",74.78%,966,7.05%,,
2017-18,San Joaquin,"10,569",1.12%,27.5,"1,690",15.99%,"1,373",12.99%,"6,955",65.81%,"1,492",14.12%,870,8.23%,905,8.56%,347,3.28%,"3,717",35.17%,"6,689",63.29%,163,1.54%,,
2017-18,San Luis Obispo,"8,628",0.92%,24.2,"2,189",25.37%,"1,791",20.76%,"2,981",34.55%,"4,816",55.82%,123,1.43%,454,5.26%,254,2.94%,"1,243",14.41%,"7,312",84.75%,73,0.85%,,
2017-18,San Mateo,"8,273",0.88%,26.9,"1,402",16.95%,719,8.69%,"4,781",57.79%,"1,253",15.15%,274,3.31%,"1,414",17.09%,551,6.66%,"2,944",35.59%,"4,841",58.52%,488,5.90%,,
2017-18,Santa Barbara,"13,044",1.39%,27.2,"1,789",13.72%,"1,358",10.41%,"9,254",70.94%,"2,700",20.70%,215,1.65%,529,4.06%,346,2.65%,"6,119",46.91%,"6,506",49.88%,419,3.21%,,
2017-18,Santa Clara,"24,634",2.62%,26.9,"4,531",18.39%,"3,111",12.63%,"16,502",66.99%,"2,926",11.88%,799,3.24%,"3,578",14.52%,829,3.37%,"9,843",39.96%,"14,236",57.79%,555,2.25%,,
2017-18,Santa Cruz,"6,116",0.65%,27.5,988,16.15%,729,11.92%,"4,016",65.66%,"1,593",26.05%,67,1.10%,254,4.15%,186,3.04%,"2,521",41.22%,"3,516",57.49%,79,1.29%,,
2017-18,Shasta,"3,074",0.33%,25,719,23.39%,342,11.13%,464,15.09%,"2,201",71.60%,92,2.99%,143,4.65%,174,5.66%,155,5.04%,"2,888",93.95%,31,1.01%,,
2017-18,Sierra,34,<0.1%,28.6,,,,,,,18,52.94%,,,,,,,,,26,76.47%,,,1,Cell suppressed for small numberss
2017-18,Siskiyou,278,<0.1%,24.8,104,37.41%,20,7.19%,65,23.38%,185,66.55%,,,,,17,6.12%,41,14.75%,236,84.89%,,,1,Cell suppressed for small numberss
2017-18,Solano,"6,172",0.66%,27.1,892,14.45%,821,13.30%,"2,875",46.58%,"1,083",17.55%,"1,157",18.75%,668,10.82%,389,6.30%,"1,638",26.54%,"4,445",72.02%,89,1.44%,,
2017-18,Sonoma,"10,044",1.07%,26.4,"2,161",21.52%,"1,303",12.97%,"5,830",58.04%,"3,321",33.06%,200,1.99%,308,3.07%,385,3.83%,"3,800",37.83%,"6,152",61.25%,92,0.92%,,
2017-18,Stanislaus,"7,068",0.75%,28.6,873,12.35%,723,10.23%,"4,999",70.73%,"1,395",19.74%,239,3.38%,229,3.24%,206,2.91%,"2,930",41.45%,"4,087",57.82%,51,0.72%,,
2017-18,Sutter,"1,250",0.13%,27.4,214,17.12%,117,9.36%,714,57.12%,365,29.20%,38,3.04%,82,6.56%,51,4.08%,425,34.00%,803,64.24%,22,1.76%,,
2017-18,Tehama,"1,062",0.11%,26.5,244,22.98%,93,8.76%,491,46.23%,502,47.27%,,,20,1.88%,44,4.14%,272,25.61%,781,73.54%,,,1,Cell suppressed for small numberss
2017-18,Trinity,119,<0.1%,27.2,26,21.85%,23,19.33%,16,13.45%,86,72.27%,,,,,13,10.92%,,,117,98.32%,,,1,Cell suppressed for small numberss
2017-18,Tulare,"8,691",0.92%,28.3,"1,363",15.68%,969,11.15%,"7,163",82.42%,"1,114",12.82%,115,1.32%,164,1.89%,135,1.55%,"3,702",42.60%,"4,947",56.92%,42,0.48%,,
2017-18,Tuolumne,181,<0.1%,25,45,24.86%,,,30,16.57%,139,76.80%,,,,,,,15,8.29%,166,91.71%,,,1,Cell suppressed for small numberss
2017-18,Ventura,"13,962",1.48%,28.1,"1,684",12.06%,"1,717",12.30%,"10,201",73.06%,"2,722",19.50%,229,1.64%,406,2.91%,404,2.89%,"5,900",42.26%,"7,822",56.02%,240,1.72%,,
2017-18,Yolo,"3,326",0.35%,23.4,"1,085",32.62%,445,13.38%,"2,048",61.58%,736,22.13%,105,3.16%,309,9.29%,128,3.85%,"1,032",31.03%,"2,219",66.72%,75,2.25%,,
2017-18,Yuba,849,<0.1%,27.7,143,16.84%,88,10.37%,423,49.82%,303,35.69%,38,4.48%,39,4.59%,46,5.42%,253,29.80%,589,69.38%,,,1,Cell suppressed for small numberss
2018-19,California,"836,179",100%,29.4,"113,565",13.58%,"140,149",16.76%,"568,514",67.99%,"122,473",14.65%,"61,746",7.38%,"54,420",6.51%,"28,985",3.47%,"308,835",36.93%,"505,565",60.46%,"21,739",2.60%,,
2018-19,Alameda,"24,470",2.93%,25.9,"6,290",25.70%,"3,289",13.44%,"11,855",48.45%,"3,192",13.04%,"4,177",17.07%,"3,720",15.20%,"1,525",6.23%,"6,984",28.54%,"16,626",67.94%,860,3.51%,,
2018-19,Alpine,47,<0.1%,26.3,,,,,14,29.79%,16,34.04%,,,,,,,,,31,65.96%,,,1,Cell suppressed for small numberss
2018-19,Amador,118,<0.1%,29.3,,,,,38,32.20%,69,58.47%,,,,,,,22,18.64%,95,80.51%,,,1,Cell suppressed for small numberss
2018-19,Butte,"5,619",0.67%,23.7,"1,177",20.95%,558,9.93%,"1,682",29.93%,"3,100",55.17%,217,3.86%,279,4.97%,341,6.07%,363,6.46%,"5,209",92.70%,47,0.84%,,
2018-19,Calaveras,121,<0.1%,28.8,,,14,11.57%,35,28.93%,75,61.98%,,,,,,,23,19.01%,96,79.34%,,,1,Cell suppressed for small numberss
2018-19,Colusa,347,<0.1%,29.6,38,10.95%,27,7.78%,287,82.71%,50,14.41%,,,,,,,178,51.30%,168,48.41%,,,1,Cell suppressed for small numberss
2018-19,Contra Costa,"16,171",1.93%,27.5,"2,458",15.20%,"2,100",12.99%,"8,268",51.13%,"3,032",18.75%,"2,156",13.33%,"1,569",9.70%,"1,146",7.09%,"4,664",28.84%,"10,813",66.87%,694,4.29%,,
2018-19,Del Norte,256,<0.1%,20.1,157,61.33%,16,6.25%,53,20.70%,152,59.38%,,,,,41,16.02%,18,7.03%,236,92.19%,,,1,Cell suppressed for small numberss
2018-19,El Dorado,812,0.10%,26.4,187,23.03%,78,9.61%,283,34.85%,459,56.53%,,,28,3.45%,36,4.43%,155,19.09%,643,79.19%,14,1.72%,1,Cell suppressed for small numberss
2018-19,Fresno,"16,915",2.02%,26.8,"2,955",17.47%,"2,780",16.44%,"11,876",70.21%,"2,322",13.73%,"1,267",7.49%,993,5.87%,457,2.70%,"4,127",24.40%,"12,588",74.42%,200,1.18%,,
2018-19,Glenn,531,<0.1%,27.3,83,15.63%,47,8.85%,350,65.91%,147,27.68%,,,13,2.45%,19,3.58%,188,35.40%,338,63.65%,,,1,Cell suppressed for small numberss
2018-19,Humboldt,"4,482",0.54%,24,"1,064",23.74%,835,18.63%,"1,267",28.27%,"2,517",56.16%,230,5.13%,150,3.35%,318,7.10%,305,6.80%,"4,145",92.48%,32,0.71%,,
2018-19,Imperial,"2,100",0.25%,24.6,498,23.71%,256,12.19%,"1,868",88.95%,163,7.76%,26,1.24%,18,0.86%,25,1.19%,603,28.71%,"1,484",70.67%,13,0.62%,,
2018-19,Inyo,118,<0.1%,27.6,29,24.58%,28,23.73%,47,39.83%,50,42.37%,,,,,13,11.02%,24,20.34%,91,77.12%,,,1,Cell suppressed for small numberss
2018-19,Kern,"13,119",1.57%,27.6,"2,070",15.78%,"2,074",15.81%,"10,279",78.35%,"1,577",12.02%,688,5.24%,328,2.50%,247,1.88%,"4,999",38.11%,"8,008",61.04%,112,0.85%,,
2018-19,Kings,"1,637",0.20%,26.6,339,20.71%,227,13.87%,"1,193",72.88%,283,17.29%,82,5.01%,38,2.32%,41,2.50%,454,27.73%,"1,175",71.78%,,,1,Cell suppressed for small numberss
2018-19,Lake,749,<0.1%,26.7,164,21.90%,86,11.48%,336,44.86%,348,46.46%,20,2.67%,16,2.14%,29,3.87%,228,30.44%,516,68.89%,,,1,Cell suppressed for small numberss
2018-19,Lassen,579,<0.1%,28.7,98,16.93%,134,23.14%,347,59.93%,103,17.79%,85,14.68%,24,4.15%,20,3.45%,173,29.88%,394,68.05%,12,2.07%,,
2018-19,Los Angeles,"349,882",41.84%,30.2,"36,658",10.48%,"71,067",20.31%,"264,388",75.56%,"26,677",7.62%,"31,473",9.00%,"17,446",4.99%,"9,897",2.83%,"151,866",43.40%,"186,833",53.40%,"11,182",3.20%,,
2018-19,Madera,"3,654",0.44%,28.2,498,13.63%,413,11.30%,"3,146",86.10%,308,8.43%,91,2.49%,49,1.34%,60,1.64%,"1,680",45.98%,"1,941",53.12%,33,0.90%,,
2018-19,Marin,"5,425",0.65%,27.8,979,18.05%,857,15.80%,"3,530",65.07%,"1,351",24.90%,141,2.60%,198,3.65%,205,3.78%,"2,918",53.79%,"2,278",41.99%,229,4.22%,,
2018-19,Mariposa,92,<0.1%,28.5,,,15,16.30%,38,41.30%,50,54.35%,,,,,,,21,22.83%,70,76.09%,,,1,Cell suppressed for small numberss
2018-19,Mendocino,"1,978",0.24%,26,463,23.41%,161,8.14%,954,48.23%,873,44.14%,15,0.76%,32,1.62%,104,5.26%,586,29.63%,"1,378",69.67%,14,0.71%,,
2018-19,Merced,"4,635",0.55%,27.5,676,14.58%,469,10.12%,"3,697",79.76%,481,10.38%,160,3.45%,217,4.68%,80,1.73%,"1,899",40.97%,"2,704",58.34%,32,0.69%,,
2018-19,Modoc,53,<0.1%,28.4,13,24.53%,,,16,30.19%,32,60.38%,,,,,,,13,24.53%,39,73.58%,,,1,Cell suppressed for small numberss
2018-19,Mono,194,<0.1%,29.6,34,17.53%,,,142,73.20%,48,24.74%,,,,,,,113,58.25%,81,41.75%,,,1,Cell suppressed for small numberss
2018-19,Monterey,"11,231",1.34%,29.2,"1,027",9.14%,"1,048",9.33%,"9,822",87.45%,843,7.51%,137,1.22%,260,2.32%,169,1.50%,"7,214",64.23%,"3,724",33.16%,293,2.61%,,
2018-19,Napa,"2,848",0.34%,27.6,477,16.75%,333,11.69%,"1,868",65.59%,695,24.40%,51,1.79%,124,4.35%,110,3.86%,"1,134",39.82%,"1,675",58.81%,39,1.37%,,
2018-19,Nevada,"1,069",0.13%,27.5,234,21.89%,115,10.76%,322,30.12%,660,61.74%,14,1.31%,18,1.68%,55,5.14%,219,20.49%,835,78.11%,15,1.40%,,
2018-19,Orange,"65,954",7.89%,29,"7,272",11.03%,"10,121",15.35%,"44,845",67.99%,"10,813",16.39%,"1,330",2.02%,"6,779",10.28%,"2,187",3.32%,"25,321",38.39%,"38,624",58.56%,"2,009",3.05%,,
2018-19,Placer,"2,094",0.25%,27.1,363,17.34%,208,9.93%,779,37.20%,"1,030",49.19%,64,3.06%,110,5.25%,111,5.30%,435,20.77%,"1,634",78.03%,25,1.19%,,
2018-19,Plumas,779,<0.1%,23.6,337,43.26%,257,32.99%,103,13.22%,514,65.98%,67,8.60%,22,2.82%,73,9.37%,38,4.88%,733,94.09%,,,1,Cell suppressed for small numberss
2018-19,Riverside,"41,076",4.91%,28.4,"6,146",14.96%,"6,621",16.12%,"29,302",71.34%,"6,135",14.94%,"3,083",7.51%,"1,472",3.58%,"1,084",2.64%,"11,742",28.59%,"28,999",70.60%,335,0.82%,,
2018-19,Sacramento,"15,072",1.80%,27.5,"2,090",13.87%,"2,383",15.81%,"6,763",44.87%,"3,675",24.38%,"2,318",15.38%,"1,468",9.74%,848,5.63%,"3,490",23.16%,"11,258",74.69%,324,2.15%,,
2018-19,San Benito,878,0.11%,27.9,104,11.85%,95,10.82%,718,81.78%,105,11.96%,15,1.71%,17,1.94%,23,2.62%,346,39.41%,527,60.02%,,,1,Cell suppressed for small numberss
2018-19,San Bernardino,"40,419",4.83%,29.7,"4,568",11.30%,"7,248",17.93%,"30,302",74.97%,"4,046",10.01%,"3,707",9.17%,"1,356",3.35%,"1,008",2.49%,"14,473",35.81%,"25,689",63.56%,257,0.64%,,
2018-19,San Diego,"64,368",7.70%,27.2,"9,734",15.12%,"8,473",13.16%,"34,065",52.92%,"17,198",26.72%,"4,194",6.52%,"5,621",8.73%,"3,290",5.11%,"13,879",21.56%,"48,894",75.96%,"1,595",2.48%,,
2018-19,San Francisco,"12,289",1.47%,25.3,"2,592",21.09%,"1,381",11.24%,"4,838",39.37%,"2,569",20.90%,"1,237",10.07%,"2,789",22.70%,856,6.97%,"2,371",19.29%,"9,092",73.98%,826,6.72%,,
2018-19,San Joaquin,"10,537",1.26%,27.8,"1,657",15.73%,"1,472",13.97%,"7,017",66.59%,"1,340",12.72%,949,9.01%,889,8.44%,342,3.25%,"3,720",35.30%,"6,677",63.37%,140,1.33%,,
2018-19,San Luis Obispo,"8,821",1.05%,24.3,"2,185",24.77%,"1,795",20.35%,"3,072",34.83%,"4,889",55.42%,139,1.58%,466,5.28%,255,2.89%,"1,290",14.62%,"7,447",84.42%,84,0.95%,,
2018-19,San Mateo,"8,777",1.05%,26.7,"1,618",18.43%,806,9.18%,"5,209",59.35%,"1,205",13.73%,282,3.21%,"1,433",16.33%,648,7.38%,"3,164",36.05%,"5,033",57.34%,580,6.61%,,
2018-19,Santa Barbara,"12,590",1.51%,27.4,"1,630",12.95%,"1,353",10.75%,"9,198",73.06%,"2,408",19.13%,206,1.64%,452,3.59%,326,2.59%,"6,145",48.81%,"6,068",48.20%,377,2.99%,,
2018-19,Santa Clara,"23,553",2.82%,27.3,"4,249",18.04%,"3,412",14.49%,"16,094",68.33%,"2,480",10.53%,761,3.23%,"3,380",14.35%,838,3.56%,"9,663",41.03%,"13,370",56.77%,520,2.21%,,
2018-19,Santa Cruz,"5,194",0.62%,27.8,830,15.98%,717,13.80%,"3,651",70.29%,"1,146",22.06%,58,1.12%,188,3.62%,151,2.91%,"2,233",42.99%,"2,901",55.85%,60,1.16%,,
2018-19,Shasta,"2,879",0.34%,24.9,704,24.45%,315,10.94%,403,14.00%,"2,069",71.87%,78,2.71%,135,4.69%,194,6.74%,121,4.20%,"2,729",94.79%,29,1.01%,,
2018-19,Sierra,37,<0.1%,26.9,,,,,,,24,64.86%,,,,,,,,,29,78.38%,,,1,Cell suppressed for small numberss
2018-19,Siskiyou,308,<0.1%,25.2,120,38.96%,23,7.47%,64,20.78%,199,64.61%,,,12,3.90%,24,7.79%,30,9.74%,277,89.94%,,,1,Cell suppressed for small numberss
2018-19,Solano,"6,045",0.72%,27.3,812,13.43%,830,13.73%,"2,910",48.14%,977,16.16%,"1,172",19.39%,652,10.79%,334,5.53%,"1,664",27.53%,"4,255",70.39%,126,2.08%,,
2018-19,Sonoma,"10,002",1.20%,26.3,"2,151",21.51%,"1,522",15.22%,"5,989",59.88%,"3,066",30.65%,227,2.27%,323,3.23%,397,3.97%,"3,858",38.57%,"6,054",60.53%,90,0.90%,,
2018-19,Stanislaus,"6,907",0.83%,28.9,837,12.12%,716,10.37%,"4,952",71.70%,"1,249",18.08%,237,3.43%,244,3.53%,225,3.26%,"2,860",41.41%,"3,975",57.55%,72,1.04%,,
2018-19,Sutter,"1,181",0.14%,27.7,189,16.00%,151,12.79%,698,59.10%,335,28.37%,28,2.37%,71,6.01%,49,4.15%,408,34.55%,754,63.84%,19,1.61%,,
2018-19,Tehama,"1,006",0.12%,26.6,222,22.07%,95,9.44%,485,48.21%,460,45.73%,,,18,1.79%,32,3.18%,269,26.74%,731,72.66%,,,1,Cell suppressed for small numberss
2018-19,Trinity,101,<0.1%,28.6,16,15.84%,16,15.84%,,,77,76.24%,,,,,,,,,96,95.05%,,,1,Cell suppressed for small numberss
2018-19,Tulare,"8,080",0.97%,28.1,"1,341",16.60%,964,11.93%,"6,551",81.08%,"1,118",13.84%,125,1.55%,156,1.93%,130,1.61%,"3,119",38.60%,"4,926",60.97%,35,0.43%,,
2018-19,Tuolumne,157,<0.1%,25.1,30,19.11%,12,7.64%,27,17.20%,115,73.25%,,,,,,,14,8.92%,142,90.45%,,,1,Cell suppressed for small numberss
2018-19,Ventura,"13,367",1.60%,28.3,"1,613",12.07%,"1,532",11.46%,"9,795",73.28%,"2,515",18.81%,220,1.65%,431,3.22%,406,3.04%,"5,733",42.89%,"7,354",55.02%,280,2.09%,,
2018-19,Yolo,"3,583",0.43%,23.2,"1,286",35.89%,495,13.82%,"2,219",61.93%,757,21.13%,127,3.54%,346,9.66%,134,3.74%,"1,016",28.36%,"2,496",69.66%,71,1.98%,,
2018-19,Yuba,835,0.10%,28.2,147,17.60%,87,10.42%,443,53.05%,286,34.25%,34,4.07%,31,3.71%,41,4.91%,243,29.10%,587,70.30%,,,1,Cell suppressed for small numberss
2019-20,California,"659,245",100%,29.3,"85,418",12.96%,"98,132",14.89%,"443,687",67.30%,"101,248",15.36%,"46,874",7.11%,"42,399",6.43%,"25,012",3.79%,"225,313",34.18%,"418,854",63.54%,"15,051",2.28%,,
2019-20,Alameda,"21,097",3.20%,26.3,"4,995",23.68%,"2,963",14.04%,"10,495",49.75%,"2,550",12.09%,"3,628",17.20%,"3,017",14.30%,"1,407",6.67%,"6,115",28.99%,"14,270",67.64%,712,3.37%,,
2019-20,Alpine,29,0.00%,26.6,,,,,,,,,,,,,,,,,24,82.76%,,,1,Cell suppressed for small numberss
2019-20,Amador,71,0.01%,29.3,,,,,24,33.80%,40,56.34%,,,,,,,,,59,83.10%,,,1,Cell suppressed for small numberss
2019-20,Butte,"4,809",0.73%,23.9,998,20.75%,504,10.48%,"1,471",30.59%,"2,597",54.00%,225,4.68%,246,5.12%,270,5.61%,306,6.36%,"4,470",92.95%,33,0.69%,,
2019-20,Calaveras,81,0.01%,31,,,,,30,37.04%,45,55.56%,,,,,,,19,23.46%,62,76.54%,,,1,Cell suppressed for small numberss
2019-20,Colusa,290,0.04%,29.7,29,10.00%,20,6.90%,243,83.79%,36,12.41%,,,,,,,152,52.41%,138,47.59%,,,1,Cell suppressed for small numberss
2019-20,Contra Costa,"14,425",2.19%,27.7,"2,016",13.98%,"1,897",13.15%,"7,484",51.88%,"2,477",17.17%,"1,987",13.77%,"1,339",9.28%,"1,138",7.89%,"4,120",28.56%,"9,672",67.05%,633,4.39%,,
2019-20,Del Norte,243,0.04%,21.1,153,62.96%,22,9.05%,58,23.87%,138,56.79%,,,,,33,13.58%,17,7.00%,225,92.59%,,,1,Cell suppressed for small numberss
2019-20,El Dorado,632,0.10%,26.4,146,23.10%,51,8.07%,204,32.28%,371,58.70%,,,21,3.32%,27,4.27%,111,17.56%,515,81.49%,,,1,Cell suppressed for small numberss
2019-20,Fresno,"15,256",2.31%,27.1,"2,586",16.95%,"2,441",16.00%,"10,948",71.76%,"1,895",12.42%,"1,107",7.26%,860,5.64%,446,2.92%,"3,778",24.76%,"11,314",74.16%,164,1.07%,,
2019-20,Glenn,469,0.07%,27.5,62,13.22%,47,10.02%,310,66.10%,135,28.78%,,,,,15,3.20%,152,32.41%,313,66.74%,,,1,Cell suppressed for small numberss
2019-20,Humboldt,"4,069",0.62%,24.8,825,20.28%,741,18.21%,"1,063",26.12%,"2,376",58.39%,197,4.84%,152,3.74%,281,6.91%,262,6.44%,"3,771",92.68%,36,0.88%,,
2019-20,Imperial,"1,905",0.29%,24.7,392,20.58%,209,10.97%,"1,676",87.98%,151,7.93%,23,1.21%,22,1.15%,33,1.73%,519,27.24%,"1,375",72.18%,,,1,Cell suppressed for small numberss
2019-20,Inyo,103,0.02%,30.6,17,16.50%,33,32.04%,32,31.07%,47,45.63%,,,,,13,12.62%,16,15.53%,84,81.55%,,,1,Cell suppressed for small numberss
2019-20,Kern,"11,435",1.73%,27.9,"1,725",15.09%,"1,812",15.85%,"9,011",78.80%,"1,353",11.83%,602,5.26%,255,2.23%,214,1.87%,"4,244",37.11%,"7,112",62.20%,79,0.69%,,
2019-20,Kings,"1,549",0.23%,26.9,341,22.01%,215,13.88%,"1,129",72.89%,271,17.50%,86,5.55%,27,1.74%,36,2.32%,420,27.11%,"1,119",72.24%,,,1,Cell suppressed for small numberss
2019-20,Lake,705,0.11%,27,147,20.85%,79,11.21%,317,44.96%,311,44.11%,27,3.83%,,,43,6.10%,182,25.82%,517,73.33%,,,1,Cell suppressed for small numberss
2019-20,Lassen,400,0.06%,27.8,73,18.25%,65,16.25%,235,58.75%,88,22.00%,41,10.25%,19,4.75%,17,4.25%,105,26.25%,289,72.25%,,,1,Cell suppressed for small numberss
2019-20,Los Angeles,"242,936",36.85%,29.9,"24,091",9.92%,"41,630",17.14%,"181,084",74.54%,"20,842",8.58%,"20,599",8.48%,"12,336",5.08%,"8,075",3.32%,"94,998",39.10%,"141,835",58.38%,"6,103",2.51%,,
2019-20,Madera,"3,045",0.46%,28.5,416,13.66%,348,11.43%,"2,647",86.93%,262,8.60%,54,1.77%,33,1.08%,49,1.61%,"1,402",46.04%,"1,618",53.14%,25,0.82%,,
2019-20,Marin,"4,697",0.71%,28.7,750,15.97%,717,15.27%,"3,236",68.90%,"1,025",21.82%,130,2.77%,139,2.96%,167,3.56%,"2,691",57.29%,"1,812",38.58%,194,4.13%,,
2019-20,Mariposa,81,0.01%,26.5,13,16.05%,12,14.81%,28,34.57%,48,59.26%,,,,,,,16,19.75%,62,76.54%,,,1,Cell suppressed for small numberss
2019-20,Mendocino,"1,860",0.28%,26.8,417,22.42%,151,8.12%,917,49.30%,799,42.96%,19,1.02%,21,1.13%,104,5.59%,523,28.12%,"1,321",71.02%,16,0.86%,,
2019-20,Merced,"4,205",0.64%,27.9,565,13.44%,423,10.06%,"3,347",79.60%,458,10.89%,141,3.35%,176,4.19%,83,1.97%,"1,671",39.74%,"2,508",59.64%,26,0.62%,,
2019-20,Modoc,44,0.01%,26.8,15,34.09%,,,12,27.27%,29,65.91%,,,,,,,,,36,81.82%,,,1,Cell suppressed for small numberss
2019-20,Mono,161,0.02%,29.6,27,16.77%,,,115,71.43%,43,26.71%,,,,,,,86,53.42%,75,46.58%,,,1,Cell suppressed for small numberss
2019-20,Monterey,"10,271",1.56%,29.5,923,8.99%,"1,016",9.89%,"8,995",87.58%,769,7.49%,126,1.23%,216,2.10%,165,1.61%,"6,503",63.31%,"3,498",34.06%,270,2.63%,,
2019-20,Napa,"2,437",0.37%,27.8,361,14.81%,336,13.79%,"1,617",66.35%,580,23.80%,49,2.01%,102,4.19%,89,3.65%,944,38.74%,"1,453",59.62%,40,1.64%,,
2019-20,Nevada,910,0.14%,26.6,205,22.53%,108,11.87%,248,27.25%,574,63.08%,17,1.87%,27,2.97%,44,4.84%,143,15.71%,755,82.97%,12,1.32%,,
2019-20,Orange,"55,283",8.39%,28.8,"5,695",10.30%,"7,612",13.77%,"37,441",67.73%,"9,039",16.35%,"1,158",2.09%,"5,662",10.24%,"1,983",3.59%,"19,735",35.70%,"33,832",61.20%,"1,716",3.10%,,
2019-20,Placer,"1,711",0.26%,27.4,293,17.12%,181,10.58%,663,38.75%,808,47.22%,58,3.39%,93,5.44%,89,5.20%,375,21.92%,"1,314",76.80%,22,1.29%,,
2019-20,Plumas,654,0.10%,21.9,301,46.02%,220,33.64%,84,12.84%,427,65.29%,49,7.49%,16,2.45%,78,11.93%,17,2.60%,635,97.09%,,,1,Cell suppressed for small numberss
2019-20,Riverside,"33,513",5.08%,28,"4,696",14.01%,"4,605",13.74%,"24,122",71.98%,"4,873",14.54%,"2,456",7.33%,"1,200",3.58%,860,2.57%,"8,954",26.72%,"24,306",72.53%,251,0.75%,,
2019-20,Sacramento,"13,136",1.99%,27.7,"1,660",12.64%,"1,958",14.91%,"6,025",45.87%,"3,180",24.21%,"2,039",15.52%,"1,188",9.04%,704,5.36%,"2,985",22.72%,"9,870",75.14%,281,2.14%,,
2019-20,San Benito,826,0.13%,27.9,100,12.11%,91,11.02%,692,83.78%,87,10.53%,,,18,2.18%,19,2.30%,295,35.71%,526,63.68%,,,1,Cell suppressed for small numberss
2019-20,San Bernardino,"31,340",4.75%,29.1,"3,249",10.37%,"4,902",15.64%,"23,139",73.83%,"3,140",10.02%,"3,067",9.79%,"1,133",3.62%,861,2.75%,"10,035",32.02%,"21,056",67.19%,249,0.79%,,
2019-20,San Diego,"57,029",8.65%,27.4,"7,805",13.69%,"7,658",13.43%,"30,507",53.49%,"14,940",26.20%,"3,911",6.86%,"4,766",8.36%,"2,905",5.09%,"11,762",20.62%,"43,914",77.00%,"1,353",2.37%,,
2019-20,San Francisco,"8,988",1.36%,26,"1,613",17.95%,835,9.29%,"3,834",42.66%,"1,761",19.59%,851,9.47%,"1,918",21.34%,624,6.94%,"1,962",21.83%,"6,431",71.55%,595,6.62%,,
2019-20,San Joaquin,"9,276",1.41%,28.3,"1,365",14.72%,"1,342",14.47%,"6,184",66.67%,"1,178",12.70%,896,9.66%,705,7.60%,313,3.37%,"3,236",34.89%,"5,935",63.98%,105,1.13%,,
2019-20,San Luis Obispo,"7,897",1.20%,24.6,"1,876",23.76%,"1,620",20.51%,"2,880",36.47%,"4,289",54.31%,135,1.71%,386,4.89%,207,2.62%,"1,137",14.40%,"6,704",84.89%,56,0.71%,,
2019-20,San Mateo,"7,579",1.15%,27.4,"1,243",16.40%,620,8.18%,"4,710",62.15%,941,12.42%,241,3.18%,"1,132",14.94%,555,7.32%,"2,964",39.11%,"4,053",53.48%,562,7.42%,,
2019-20,Santa Barbara,"11,281",1.71%,27.7,"1,361",12.06%,"1,264",11.20%,"8,486",75.22%,"1,948",17.27%,177,1.57%,369,3.27%,301,2.67%,"5,641",50.00%,"5,295",46.94%,345,3.06%,,
2019-20,Santa Clara,"19,251",2.92%,27.6,"3,155",16.39%,"2,632",13.67%,"13,328",69.23%,"1,988",10.33%,594,3.09%,"2,542",13.20%,799,4.15%,"7,716",40.08%,"11,084",57.58%,451,2.34%,,
2019-20,Santa Cruz,"4,570",0.69%,28,768,16.81%,601,13.15%,"3,181",69.61%,"1,019",22.30%,55,1.20%,154,3.37%,161,3.52%,"1,926",42.14%,"2,597",56.83%,47,1.03%,,
2019-20,Shasta,"2,459",0.37%,25.6,478,19.44%,304,12.36%,378,15.37%,"1,717",69.83%,81,3.29%,129,5.25%,154,6.26%,98,3.99%,"2,328",94.67%,33,1.34%,,
2019-20,Sierra,29,0.00%,25,,,,,,,20,68.97%,,,,,,,,,22,75.86%,,,1,Cell suppressed for small numberss
2019-20,Siskiyou,236,0.04%,24.7,95,40.25%,18,7.63%,56,23.73%,152,64.41%,,,,,15,6.36%,23,9.75%,213,90.25%,,,1,Cell suppressed for small numberss
2019-20,Solano,"5,344",0.81%,27.6,645,12.07%,776,14.52%,"2,710",50.71%,839,15.70%,"1,042",19.50%,480,8.98%,273,5.11%,"1,518",28.41%,"3,747",70.12%,78,1.46%,,
2019-20,Sonoma,"9,045",1.37%,26.6,"1,853",20.49%,"1,478",16.34%,"5,550",61.36%,"2,595",28.69%,212,2.34%,306,3.38%,382,4.22%,"3,536",39.09%,"5,421",59.93%,88,0.97%,,
2019-20,Stanislaus,"5,952",0.90%,29.3,628,10.55%,586,9.85%,"4,329",72.73%,"1,019",17.12%,216,3.63%,205,3.44%,183,3.07%,"2,444",41.06%,"3,457",58.08%,51,0.86%,,
2019-20,Sutter,999,0.15%,27.5,156,15.62%,107,10.71%,617,61.76%,256,25.63%,28,2.80%,55,5.51%,43,4.30%,338,33.83%,644,64.46%,17,1.70%,,
2019-20,Tehama,845,0.13%,27,177,20.95%,88,10.41%,415,49.11%,378,44.73%,15,1.78%,,,26,3.08%,214,25.33%,628,74.32%,,,1,Cell suppressed for small numberss
2019-20,Trinity,83,0.01%,27.7,18,21.69%,,,,,61,73.49%,,,,,,,,,76,91.57%,,,1,Cell suppressed for small numberss
2019-20,Tulare,"7,517",1.14%,28.3,"1,225",16.30%,935,12.44%,"6,100",81.15%,"1,054",14.02%,113,1.50%,127,1.69%,123,1.64%,"2,836",37.73%,"4,641",61.74%,40,0.53%,,
2019-20,Tuolumne,109,0.02%,25.6,23,21.10%,,,28,25.69%,76,69.72%,,,,,,,13,11.93%,96,88.07%,,,1,Cell suppressed for small numberss
2019-20,Ventura,"12,302",1.87%,28.5,"1,496",12.16%,"1,336",10.86%,"9,017",73.30%,"2,255",18.33%,216,1.76%,405,3.29%,409,3.32%,"5,014",40.76%,"7,033",57.17%,255,2.07%,,
2019-20,Yolo,"3,055",0.46%,23.7,994,32.54%,409,13.39%,"1,834",60.03%,667,21.83%,125,4.09%,311,10.18%,118,3.86%,815,26.68%,"2,194",71.82%,46,1.51%,,
2019-20,Yuba,698,0.11%,28.2,131,18.77%,67,9.60%,375,53.72%,221,31.66%,31,4.44%,32,4.58%,39,5.59%,197,28.22%,500,71.63%,,,1,Cell suppressed for small numberss