Client County,Clients Served,Clients Served %,Average Age of Clients Served,Adolescents Clients Served ,Adolescents Clients Served %,Male Clients Served ,Male Clients Served %,Latino Clients Served ,Latino Clients Served %,White Clients Served , White Clients Served %,African American Clients Served , African American Black Clients Served %,Asian/Pacific Islander Clients served,Asian/Pacific Islander Clients Served %,Other (Including Native American) Clients Served ,Other (Including Native American) Clients Served %,Spanish Speaking Clients Served ,Spanish Speaking Clients Served %,English Speaking Clients Served ,English Speaking Clients Served %,Other Language ,Other Language  %,Total Revenues,Estimated Population,Revenues Per Capita,# of Birth,Population,Birth Rate,Federal Information Processing Standard (FIPS) Code,2003 Rural-urban Continuum Code,2003 Urban Influence Code,2013 Rural-urban Continuum Code,2013 Urban Influence Code,"Less than a high school diploma, 1970","High school diploma only, 1970","Some college (1-3 years), 1970","Four years of college or higher, 1970","Percent of adults with less than a high school diploma, 1970","Percent of adults with a high school diploma only, 1970","Percent of adults completing some college (1-3 years), 1970","Percent of adults completing four years of college or higher, 1970","Less than a high school diploma, 1980","High school diploma only, 1980","Some college (1-3 years), 1980","Four years of college or higher, 1980","Percent of adults with less than a high school diploma, 1980","Percent of adults with a high school diploma only, 1980","Percent of adults completing some college (1-3 years), 1980","Percent of adults completing four years of college or higher, 1980","Less than a high school diploma, 1990","High school diploma only, 1990","Some college or associate's degree, 1990","Bachelor's degree or higher, 1990","Percent of adults with less than a high school diploma, 1990","Percent of adults with a high school diploma only, 1990","Percent of adults completing some college or associate's degree, 1990","Percent of adults with a bachelor's degree or higher, 1990","Less than a high school diploma, 2000","High school diploma only, 2000","Some college or associate's degree, 2000","Bachelor's degree or higher, 2000","Percent of adults with less than a high school diploma, 2000","Percent of adults with a high school diploma only, 2000","Percent of adults completing some college or associate's degree, 2000","Percent of adults with a bachelor's degree or higher, 2000","Less than a high school diploma, 2008-12","High school diploma only, 2008-12","Some college or associate's degree, 2008-12","Bachelor's degree or higher, 2008-12","Percent of adults with less than a high school diploma, 2008-12","Percent of adults with a high school diploma only, 2008-12","Percent of adults completing some college or associate's degree, 2008-12","Percent of adults with a bachelor's degree or higher, 2008-12","Less than a high school diploma, 2017-21","High school diploma only, 2017-21","Some college or associate's degree, 2017-21","Bachelor's degree or higher, 2017-21","Percent of adults with less than a high school diploma, 2017-21","Percent of adults with a high school diploma only, 2017-21","Percent of adults completing some college or associate's degree, 2017-21","Percent of adults with a bachelor's degree or higher, 2017-21",Revenue Score,Education Level Score,Education Level,SES Score,SES Level
Alameda,25206.333333333336,2.876666666666667,25.9,6376.8,23.860666666666667,3455.4,12.936000000000002,12058.0,48.05,3492.0666666666666,13.662666666666667,4287.866666666667,17.008000000000003,3761.1333333333337,14.902666666666667,1607.0,6.389333333333334,7131.4,28.344,17180.733333333334,68.12466666666667,894.2,3.524666666666667,3524273588.8,1661613.2,2120.0,17909.2,1665811.6,0.01074,6001.0,1.0,1.0,1.0,1.0,217589.0,197371.0,87675.0,86038.0,37.0,33.5,14.9,14.6,162536.0,215093.0,148837.0,151045.0,24.0,31.7,22.0,22.3,155606.0,190822.0,250389.0,241487.0,18.6,22.8,29.9,28.8,168281.0,181668.0,270813.0,332954.0,17.6,19.0,28.4,34.9,141402.0,199632.0,262546.0,421610.0,13.792760366371109,19.47268311239868,25.60949677620734,41.12505974502287,131272.0,198825.0,271096.0,592670.0,10.99556649297281,16.65392092727557,22.70746308412272,49.64304949562889,1.0,31.09979955824077,2.0,3.0,2.0
Alpine,41.4,0.07333333333333333,26.34666666666667,16.0,0.1,,,17.8,39.0155,14.666666666666666,31.583333333333332,,,,,,,14.0,33.33,27.8,68.41866666666667,,,20672511.8,1160.8,17818.8,11.0,1149.2,0.00194,6003.0,8.0,4.0,8.0,4.0,101.0,98.0,57.0,8.0,38.3,37.1,21.6,3.0,85.0,185.0,143.0,198.0,13.9,30.3,23.4,32.4,92.0,203.0,267.0,177.0,12.4,27.5,36.1,24.0,93.0,207.0,272.0,225.0,11.7,26.0,34.1,28.2,71.0,211.0,265.0,254.0,8.863920099875156,26.34207240948814,33.083645443196,31.710362047440704,61.0,249.0,278.0,381.0,6.29514963880289,25.696594427244584,28.689370485036125,39.3188854489164,2.0,30.103199174406605,1.0,3.0,2.0
Amador,206.86666666666665,0.076,27.54,77.83333333333333,17.03,35.666666666666664,4.883333333333333,47.6,27.756666666666668,141.33333333333331,62.989333333333335,,,,,17.333333333333332,5.2299999999999995,28.75,13.156500000000001,179.93333333333334,84.53266666666666,,,91241346.0,38546.6,2363.0,308.6,40047.6,0.0077,6005.0,6.0,4.0,6.0,4.0,2911.0,2314.0,1214.0,593.0,41.4,32.9,17.3,8.4,2987.0,5491.0,2760.0,1626.0,23.2,42.7,21.5,12.6,3616.0,7537.0,6593.0,2886.0,17.5,36.5,32.0,14.0,4096.0,7721.0,9479.0,4253.0,16.0,30.2,37.1,16.6,3612.0,8055.0,11783.0,5422.0,12.51039068994181,27.89900249376559,40.81116652812413,18.77944028816847,2757.0,9724.0,13052.0,6192.0,8.6903073286052,30.650906225374307,41.14105594956659,19.5177304964539,1.0,27.148620961386918,1.0,2.0,1.0
Butte,6395.733333333334,0.716,23.753333333333334,1348.2,19.572,620.7333333333333,9.26,1759.4666666666667,28.233333333333338,3728.1333333333328,57.27466666666667,235.66666666666669,3.817333333333333,307.73333333333335,4.881333333333333,364.73333333333335,5.784666666666667,398.46666666666664,6.258,5925.8,92.68666666666667,71.46666666666667,1.0486666666666666,507050212.8,219484.4,2330.6,2199.4,219237.8,0.01002,6007.0,3.0,2.0,3.0,2.0,24482.0,17743.0,8511.0,6299.0,42.9,31.1,14.9,11.0,24743.0,28587.0,19159.0,14742.0,28.4,32.8,22.0,16.9,25712.0,28746.0,38071.0,22379.0,22.4,25.0,33.1,19.5,22477.0,30853.0,45732.0,27674.0,17.7,24.3,36.1,21.8,18694.0,32246.0,56116.0,33788.0,13.272840873590642,22.89483400073841,39.84266280423731,23.98966232143365,13734.0,31704.0,54420.0,42309.0,9.660469729262065,22.30053387917027,38.27892548903754,29.760070902530124,1.0,28.813859756483577,1.0,2.0,1.0
Calaveras,157.73333333333332,0.076,28.28666666666667,47.333333333333336,16.033333333333335,16.45,8.638,41.86666666666667,29.186,102.46666666666667,62.283333333333324,,,,,16.0,3.9,24.066666666666666,17.366666666666667,130.66666666666669,81.09066666666668,,,113028514.0,45143.0,2503.6,390.6,45773.2,0.00852,6009.0,6.0,6.0,6.0,6.0,4164.0,2721.0,1127.0,651.0,48.1,31.4,13.0,7.5,3293.0,5630.0,3060.0,1915.0,23.7,40.5,22.0,13.8,4145.0,7372.0,7711.0,3242.0,18.4,32.8,34.3,14.4,4176.0,8346.0,11683.0,4996.0,14.3,28.6,40.0,17.1,2447.0,9964.0,14331.0,7016.0,7.248652171337165,29.51596658569821,42.45215948812133,20.7832217548433,3214.0,10815.0,13963.0,6959.0,9.195731166490228,30.94332064890847,39.95021601670911,19.91073216789219,1.0,27.05759491860033,1.0,2.0,1.0
Colusa,380.53333333333336,0.084,29.653333333333336,43.46666666666667,10.727333333333334,23.4,6.185333333333334,314.46666666666664,82.726,53.666666666666664,14.044,,,,,16.0,2.2,210.1333333333333,54.519999999999996,169.2,45.227999999999994,,,66233574.0,21986.6,3014.0,277.4,21630.8,0.01284,6011.0,6.0,4.0,6.0,4.0,3104.0,2188.0,1011.0,697.0,44.3,31.3,14.4,10.0,2719.0,2565.0,1457.0,947.0,35.4,33.4,19.0,12.3,3653.0,2476.0,2635.0,1090.0,37.1,25.1,26.7,11.1,3927.0,2635.0,3188.0,1162.0,36.0,24.1,29.2,10.6,3975.0,3205.0,4094.0,1762.0,30.49248235655109,24.58576250383553,31.40533906106168,13.5164160785517,3719.0,4246.0,3934.0,2043.0,26.674795581695598,30.454741070147755,28.21689857983073,14.653564768325918,1.0,23.084923253478696,0.0,1.0,0.0
Contra Costa,16608.4,1.8953333333333333,27.493333333333332,2450.666666666667,13.896666666666667,2091.1333333333337,11.948,8428.333333333334,50.86,3224.5333333333333,19.202,2215.266666666667,13.352666666666668,1603.0666666666666,9.655333333333333,1137.2,6.931333333333333,4845.933333333333,29.118666666666666,11128.6,67.00399999999999,633.8666666666667,3.8773333333333335,3620246715.8,1151928.0,3140.6,11947.2,1156769.6,0.01032,6013.0,1.0,1.0,1.0,1.0,96353.0,101602.0,50423.0,51659.0,32.1,33.9,16.8,17.2,73252.0,129454.0,95719.0,101933.0,18.3,32.3,23.9,25.5,72071.0,120589.0,171851.0,168205.0,13.5,22.6,32.3,31.6,81867.0,123956.0,200770.0,219048.0,13.1,19.8,32.1,35.0,80308.0,135454.0,216321.0,272186.0,11.40302924024769,19.23327592155838,30.715678242262538,38.64801659593138,82564.0,140633.0,227162.0,354661.0,10.25614270452908,17.46950386325806,28.21818091475988,44.05617251745299,1.0,30.60743832451368,1.0,2.0,1.0
Del Norte,289.2,0.084,21.133333333333333,159.13333333333333,53.81533333333333,19.4,6.258666666666667,62.93333333333332,22.172666666666665,174.4,59.564,,,25.0,4.9,38.0,13.506666666666666,25.333333333333336,8.583333333333332,261.93333333333334,90.834,,,80526903.6,27327.4,2945.2,270.4,27689.2,0.00976,6015.0,7.0,8.0,7.0,8.0,3970.0,2592.0,801.0,583.0,50.0,32.6,10.1,7.3,3579.0,4288.0,1920.0,1097.0,32.9,39.4,17.6,10.1,4385.0,4608.0,4592.0,1506.0,29.1,30.5,30.4,10.0,5235.0,5070.0,6126.0,2028.0,28.4,27.5,33.2,11.0,4152.0,5881.0,6954.0,2727.0,21.06117479963478,29.83159176219945,35.27442426701836,13.832809171147408,3825.0,6101.0,6601.0,3176.0,19.41328731665229,30.964827691214545,33.50251230777039,16.11937268436279,1.0,24.632797035984368,1.0,2.0,1.0
El Dorado,870.4,0.1,26.513333333333332,190.6,20.94,78.86666666666666,8.443333333333333,291.66666666666663,33.77066666666667,504.3333333333333,57.57666666666667,17.0,1.6133333333333333,29.333333333333336,3.368,34.2,4.012,160.6,18.538,694.6666666666667,79.76533333333333,18.6,1.9649999999999999,414821188.6,189918.0,2179.4,1570.2,191829.0,0.00816,6017.0,1.0,1.0,1.0,1.0,9251.0,9356.0,4194.0,2660.0,36.3,36.7,16.5,10.4,10246.0,20478.0,14179.0,9483.0,18.8,37.7,26.1,17.4,11928.0,24068.0,30869.0,17547.0,14.1,28.5,36.6,20.8,11480.0,23316.0,42371.0,27867.0,10.9,22.2,40.3,26.5,8667.0,28235.0,49705.0,39550.0,6.870011176549855,22.38084291795144,39.39931989505141,31.3498260104473,7421.0,28993.0,51667.0,51363.0,5.321849631393247,20.79185909755888,37.05214996701185,36.83414130403603,1.0,30.539858294369072,1.0,2.0,1.0
Fresno,17908.0,2.029333333333333,27.193333333333335,2858.8,15.409333333333333,2677.0,14.530666666666667,12668.866666666667,70.784,2496.5333333333333,13.802000000000001,1223.6666666666665,6.921333333333334,1029.2,5.76,489.7333333333334,2.743333333333333,5034.466666666666,27.519333333333332,12632.266666666666,71.16266666666667,241.26666666666665,1.3086666666666666,1953212631.4,1010806.8,1931.6,14163.8,1001099.2,0.01416,6019.0,2.0,2.0,2.0,2.0,100900.0,59798.0,30997.0,21697.0,47.3,28.0,14.5,10.2,104714.0,82455.0,57896.0,43785.0,36.3,28.5,20.0,15.2,130252.0,83536.0,106640.0,65308.0,33.8,21.7,27.6,16.9,147937.0,96097.0,131579.0,79927.0,32.5,21.1,28.9,17.5,148450.0,123605.0,167607.0,105942.0,27.208378237696206,22.65470927632495,30.71953284799965,19.41737963797919,136835.0,140532.0,201826.0,140183.0,22.09239621812921,22.68928728268451,32.5853762496448,22.63294024954147,1.0,25.575886053059854,1.0,2.0,1.0
Glenn,577.3333333333333,0.092,27.22,85.26666666666667,13.714666666666668,46.13333333333333,7.824000000000001,370.8,64.63933333333333,174.53333333333333,29.814,,,13.083333333333332,2.2708333333333335,18.0,3.118,198.33333333333331,34.25266666666666,373.73333333333335,64.80066666666667,,,92970517.0,28969.4,3208.2,371.0,28377.4,0.013059999999999999,6021.0,6.0,6.0,6.0,6.0,4673.0,3460.0,1244.0,704.0,46.4,34.3,12.3,7.0,4680.0,4602.0,2201.0,1181.0,37.0,36.3,17.4,9.3,5035.0,4529.0,4207.0,1434.0,33.1,29.8,27.7,9.4,5077.0,4314.0,4985.0,1723.0,31.5,26.8,31.0,10.7,4671.0,4511.0,5705.0,2712.0,26.541280754588332,25.63213818966987,32.41661458037389,15.40996647536792,4303.0,5538.0,5728.0,2725.0,23.52137312780146,30.272220400131186,31.31081228818192,14.89559418388543,1.0,23.758062752815132,1.0,2.0,1.0
Humboldt,4718.266666666666,0.5426666666666666,24.44,1026.6666666666667,20.397333333333332,802.0,16.314666666666668,1204.6,25.846666666666664,2791.9333333333334,58.81666666666666,210.13333333333335,4.532,163.13333333333333,3.477333333333333,348.46666666666664,7.3293333333333335,309.8666666666667,6.58,4366.4,92.54666666666667,42.0,0.8773333333333333,212684559.6,134978.4,1563.4,1333.0,135828.6,0.009819999999999999,6023.0,5.0,8.0,5.0,8.0,23271.0,16824.0,7168.0,5233.0,44.3,32.0,13.7,10.0,15070.0,22098.0,15275.0,11537.0,23.6,34.5,23.9,18.0,14732.0,20277.0,25470.0,15101.0,19.5,26.8,33.7,20.0,12298.0,20960.0,29488.0,18755.0,15.1,25.7,36.2,23.0,8787.0,23241.0,34409.0,23817.0,9.735856582533737,25.75065925055953,38.12462605535489,26.388858111551837,8451.0,21654.0,34447.0,29263.0,9.008154346319886,23.08159675958003,36.71800884719927,31.19224004690081,0.0,29.009433459468102,1.0,1.0,0.0
Imperial,1983.6666666666667,0.236,24.880000000000003,423.2666666666667,20.134,216.0,10.380666666666666,1755.2,88.46533333333335,159.8,8.061333333333334,23.4,1.1673333333333333,20.333333333333336,1.0253333333333334,24.933333333333334,1.2646666666666666,601.1333333333333,30.168666666666667,1373.2666666666667,69.36800000000001,13.0,0.62,459907891.4,187497.8,2457.6,2613.2,180614.2,0.01444,6025.0,3.0,2.0,3.0,2.0,20636.0,8924.0,4029.0,2662.0,56.9,24.6,11.1,7.3,23647.0,11906.0,7943.0,4616.0,49.1,24.7,16.5,9.6,28510.0,12268.0,14196.0,5936.0,46.8,20.1,23.3,9.7,34258.0,18378.0,22355.0,8641.0,41.0,22.0,26.7,10.3,37433.0,22418.0,30019.0,13669.0,36.15352669042583,21.65174475318479,28.992939858410843,13.20178869797854,32595.0,28187.0,32727.0,16758.0,29.56006783534512,25.56249829958193,29.679777267904274,15.197656597168692,1.0,23.051502262689656,0.0,1.0,0.0
Inyo,150.86666666666667,0.07866666666666668,28.53333333333334,37.0,21.73333333333333,28.6,21.221999999999998,69.53333333333333,43.602666666666664,59.93333333333332,40.708666666666666,,,,,15.64,10.821200000000001,38.93333333333333,23.621333333333332,107.86666666666665,73.40133333333333,,,85278894.8,18671.0,4565.4,181.8,18371.8,0.00992,6027.0,7.0,8.0,7.0,11.0,3585.0,3621.0,1283.0,872.0,38.3,38.7,13.7,9.3,3010.0,4911.0,2309.0,1416.0,25.8,42.2,19.8,12.2,2364.0,4886.0,3911.0,1740.0,18.3,37.9,30.3,13.5,2220.0,3934.0,4259.0,2153.0,17.7,31.3,33.9,17.1,1517.0,4151.0,4858.0,2804.0,11.38034508627157,31.14028507126782,36.44411102775694,21.03525881470367,1088.0,4188.0,4721.0,3749.0,7.915029826858723,30.467044958533386,34.34453659246326,27.27338862214462,2.0,28.09762840098937,1.0,3.0,2.0
Kern,13736.533333333335,1.5566666666666666,27.95333333333333,2063.6666666666665,14.174666666666667,2053.9333333333334,14.356,10684.533333333333,78.00399999999999,1766.4666666666665,12.625333333333334,711.8,5.175333333333333,319.26666666666665,2.3280000000000003,254.4666666666667,1.8613333333333333,5423.666666666666,39.34133333333333,8202.133333333335,59.85666666666667,110.73333333333332,0.8019999999999999,2003785333.4,908450.8,2205.2,12766.8,901179.4,0.01416,6029.0,2.0,2.0,2.0,2.0,82559.0,49872.0,23272.0,15231.0,48.3,29.2,13.6,8.9,85492.0,70627.0,42618.0,26674.0,37.9,31.3,18.9,11.8,103269.0,80323.0,93256.0,42361.0,32.4,25.2,29.2,13.3,120981.0,97344.0,113473.0,51869.0,31.5,25.4,29.6,13.5,139504.0,128189.0,151014.0,73168.0,28.361677255400245,26.06129606099111,30.70170266836086,14.87532401524778,132826.0,152266.0,169915.0,97236.0,24.05209300978012,27.57228249158432,30.768158220203794,17.60746627843178,1.0,24.193099776728726,1.0,2.0,1.0
Kings,1814.4666666666667,0.20400000000000001,27.24666666666667,344.33333333333337,18.454,235.93333333333334,12.389333333333333,1352.6666666666665,74.39266666666666,294.93333333333334,16.366666666666667,81.33333333333334,4.585333333333333,41.266666666666666,2.237333333333333,44.266666666666666,2.416,573.0,30.894666666666666,1229.8666666666666,68.48666666666666,20.666666666666668,0.8733333333333334,296718514.0,151915.2,1952.8,2225.8,152234.6,0.01462,6031.0,3.0,2.0,3.0,2.0,15962.0,9352.0,3368.0,2685.0,50.9,29.8,10.7,8.6,15916.0,12635.0,6056.0,3910.0,41.3,32.8,15.7,10.2,20118.0,16702.0,16372.0,5235.0,34.4,28.6,28.0,9.0,24033.0,22291.0,22777.0,7994.0,31.2,28.9,29.5,10.4,26461.0,23985.0,30229.0,11421.0,28.731975330090343,26.04347637248089,32.82335823488533,12.40119006254343,24856.0,24622.0,31283.0,13498.0,26.36989571287622,26.12164355658346,33.18834275772075,14.32011797281957,1.0,23.54586829904837,0.0,1.0,0.0
Lake,795.2,0.10266666666666666,26.76,163.93333333333334,19.30466666666667,93.2,11.112,320.46666666666664,41.27066666666666,399.06666666666666,49.19,25.533333333333335,3.211333333333333,18.5,2.0866666666666664,37.4,4.773333333333333,200.86666666666667,25.872666666666667,587.9333333333333,73.29666666666667,,,175514775.6,65357.6,2683.0,712.4,65959.8,0.010839999999999999,6033.0,4.0,5.0,4.0,5.0,6696.0,4334.0,1508.0,968.0,49.6,32.1,11.2,7.2,8626.0,10000.0,4443.0,2616.0,33.6,38.9,17.3,10.2,10477.0,11357.0,10279.0,3848.0,29.1,31.6,28.6,10.7,9256.0,12132.0,14415.0,4914.0,22.7,29.8,35.4,12.1,6017.0,13301.0,18898.0,7691.0,13.10693358311369,28.973794846101903,41.16583527566602,16.75343629511839,6548.0,14601.0,19142.0,8557.0,13.404847690795942,29.890681297084836,39.18686537831641,17.51760563380282,1.0,26.08172289551261,1.0,2.0,1.0
Lassen,558.4,0.08933333333333333,27.653333333333336,106.0,17.738666666666667,125.46666666666665,19.467333333333332,312.0,54.916666666666664,128.46666666666667,24.472,78.6,13.340399999999999,26.52,4.6028,20.28,3.6012,154.46666666666667,26.844666666666665,392.46666666666664,71.16133333333333,14.5,2.3041666666666667,74188817.8,30388.8,2446.0,289.8,31187.8,0.0093,6035.0,6.0,6.0,7.0,8.0,4150.0,3422.0,1285.0,717.0,43.3,35.7,13.4,7.5,3382.0,4418.0,3285.0,1499.0,26.9,35.1,26.1,11.9,4808.0,4602.0,6188.0,2057.0,27.2,26.1,35.0,11.7,4673.0,7091.0,8743.0,2456.0,20.4,30.9,38.1,10.7,4987.0,6207.0,10267.0,3355.0,20.09590586718246,25.01208897485493,41.37250161186331,13.51950354609929,4853.0,7891.0,8716.0,2863.0,19.95230851457468,32.44254409406734,35.83439542819553,11.77075196316244,1.0,23.942359083994567,1.0,2.0,1.0
Los Angeles,389872.0,42.95866666666667,30.126666666666665,41360.46666666667,12.459333333333333,87821.46666666666,24.314,293504.5333333333,75.17266666666667,30556.0,7.9,36240.4,9.218666666666667,18511.866666666665,4.814666666666667,11057.866666666667,2.9066666666666667,169182.0,42.681333333333335,205866.06666666668,53.73,14822.866666666665,3.5853333333333333,27727426840.4,10176602.4,2728.2,105542.2,9998199.4,0.01056,6037.0,1.0,1.0,1.0,1.0,1506170.0,1294477.0,655534.0,504563.0,38.0,32.7,16.6,12.7,1336041.0,1336165.0,939639.0,818658.0,30.2,30.2,21.2,18.5,1642813.0,1134608.0,1480359.0,1223442.0,30.0,20.7,27.0,22.3,1770524.0,1108314.0,1541721.0,1462389.0,30.1,18.8,26.2,24.9,1508273.0,1304773.0,1687647.0,1879673.0,23.63928652368845,20.44981432099663,26.45062994818793,29.46026920712699,1381447.0,1411475.0,1772567.0,2356572.0,19.9571630472485,20.39096448297697,25.60750331440304,34.0443691553715,1.0,27.373907857789753,1.0,2.0,1.0
Madera,3739.8666666666663,0.43133333333333335,28.28666666666667,501.1333333333334,12.615333333333334,404.8,10.290000000000001,3224.4,86.276,331.8,8.816666666666666,82.33333333333334,2.195333333333333,43.8,1.1666666666666667,57.53333333333334,1.5433333333333334,1765.5333333333333,47.08733333333333,1942.8,52.06866666666667,31.53333333333334,0.844,306037737.4,157890.8,1939.2,2081.8,157268.8,0.013239999999999998,6039.0,3.0,2.0,3.0,2.0,13151.0,5616.0,2178.0,1572.0,58.4,24.9,9.7,7.0,14372.0,11389.0,6391.0,3871.0,39.9,31.6,17.7,10.7,19387.0,12967.0,14447.0,6191.0,36.6,24.5,27.3,11.7,25901.0,18923.0,21024.0,8982.0,34.6,25.3,28.1,12.0,29552.0,21417.0,28521.0,12847.0,32.00450523625415,23.19438578251405,30.88794307807271,13.91316590315908,27789.0,22929.0,31711.0,16144.0,28.191289704077185,23.26093352134966,32.17006685400668,16.37770992056648,1.0,23.673419699106248,0.0,1.0,0.0
Marin,5176.066666666667,0.6060000000000001,27.76666666666667,958.2666666666667,17.247999999999998,706.6666666666667,13.008666666666667,3312.6,64.176,1342.0666666666666,25.775333333333332,139.66666666666669,2.6906666666666665,188.8,3.631333333333333,192.93333333333334,3.729333333333334,2709.866666666667,52.505333333333326,2261.8,43.532,204.4,3.9653333333333336,718044166.0,262142.4,2742.4,2174.2,259718.8,0.00838,6041.0,1.0,1.0,1.0,1.0,24952.0,36764.0,26005.0,31797.0,20.9,30.8,21.8,26.6,15133.0,36832.0,40497.0,57301.0,10.1,24.6,27.0,38.3,13648.0,27848.0,53467.0,74530.0,8.1,16.4,31.5,44.0,16080.0,22857.0,50509.0,94248.0,8.8,12.4,27.5,51.3,14641.0,22511.0,47298.0,101484.0,7.874299482612111,12.10698419869416,25.43805866597825,54.58065765271548,12672.0,19589.0,44532.0,115907.0,6.576024909185262,10.16554229372081,23.10949662688116,60.14893617021276,1.0,33.68313440581214,2.0,3.0,2.0
Mariposa,104.06666666666668,0.076,27.919999999999998,15.1,12.2265,17.6,16.747999999999998,36.86666666666667,35.70333333333333,57.86666666666666,55.984,,,,,,,20.759999999999998,20.180799999999998,81.53333333333333,78.04333333333334,,,83071418.0,17895.6,4653.2,144.4,17247.6,0.00838,6043.0,8.0,7.0,8.0,7.0,1670.0,1204.0,503.0,380.0,44.5,32.0,13.4,10.1,1900.0,2530.0,1685.0,1115.0,26.3,35.0,23.3,15.4,2261.0,2853.0,3358.0,1713.0,22.2,28.0,33.0,16.8,1821.0,3206.0,4707.0,2462.0,14.9,26.3,38.6,20.2,1479.0,4164.0,5506.0,2777.0,10.62042223179664,29.90090478242137,39.53755565129973,19.94111733448226,1233.0,3028.0,5351.0,3901.0,9.124546732775846,22.40805150595723,39.59890475838082,28.86849700288611,2.0,28.821135203137715,1.0,3.0,2.0
Mendocino,2167.0666666666666,0.24133333333333334,26.426666666666666,518.2666666666667,22.243333333333332,175.53333333333333,7.604000000000001,1005.2666666666668,46.93333333333333,990.2,45.18266666666666,23.0,1.0546666666666666,34.06666666666667,1.542,114.53333333333333,5.29,604.2,28.125333333333334,1544.9333333333334,71.05733333333333,17.933333333333334,0.826,278889517.6,89211.4,3126.0,920.4,88783.0,0.01036,6045.0,4.0,5.0,4.0,5.0,12742.0,10175.0,3872.0,2751.0,43.1,34.4,13.1,9.3,9787.0,15649.0,8683.0,7305.0,23.6,37.8,21.0,17.6,11206.0,15499.0,16440.0,9344.0,21.3,29.5,31.3,17.8,10906.0,14812.0,19663.0,11505.0,19.2,26.0,34.6,20.2,9145.0,15965.0,22734.0,13051.0,15.01765333771246,26.21725921668446,37.33311437720667,21.43197306839642,8704.0,17147.0,23338.0,15962.0,13.35973354207917,26.31885926539884,35.8213995180427,24.50000767447929,1.0,27.14616813249221,1.0,2.0,1.0
Merced,4747.0,0.544,27.53333333333333,706.0,13.892666666666667,444.4,8.958666666666668,3770.3333333333335,79.48400000000001,516.4666666666666,16.752,148.2,3.138,228.46666666666664,4.783333333333333,83.53333333333333,1.7653333333333332,1990.6,41.769333333333336,2717.0666666666666,57.42,39.33333333333333,0.8106666666666665,590337705.0,280593.0,2102.6,3919.2,278450.8,0.01408,6047.0,3.0,2.0,2.0,2.0,25247.0,15455.0,6219.0,4239.0,49.3,30.2,12.2,8.3,28243.0,22220.0,13337.0,7462.0,39.6,31.2,18.7,10.5,36425.0,22806.0,27715.0,11873.0,36.9,23.1,28.0,12.0,42247.0,27901.0,33681.0,12896.0,36.2,23.9,28.9,11.0,48504.0,35539.0,43158.0,18201.0,33.358550776468,24.44189213353324,29.68184756743373,12.51770952256503,49054.0,43880.0,49268.0,23259.0,29.646865424480687,26.519844555514602,29.77620103831115,14.057088981693571,1.0,22.824351357721763,0.0,1.0,0.0
Modoc,58.2,0.076,27.166666666666668,16.7,26.156000000000002,,,17.266666666666666,29.879333333333335,37.6,64.22533333333334,,,,,,,13.5,22.953333333333333,46.2,78.87333333333333,,,34559648.8,9394.0,3693.2,89.0,8735.0,0.0102,6049.0,6.0,6.0,6.0,6.0,1769.0,1730.0,609.0,307.0,40.1,39.2,13.8,7.0,1518.0,2005.0,1281.0,677.0,27.7,36.6,23.4,12.4,1792.0,2148.0,1787.0,720.0,27.8,33.3,27.7,11.2,1483.0,1900.0,2282.0,799.0,22.9,29.4,35.3,12.4,1023.0,1798.0,2697.0,1326.0,14.94739918176505,26.27118644067797,39.40677966101695,19.37463471654003,955.0,2136.0,2180.0,1293.0,14.549055453991468,32.54113345521024,33.2114564290067,19.69835466179159,1.0,25.80591102985984,1.0,2.0,1.0
Mono,218.66666666666669,0.07866666666666668,29.71333333333333,33.266666666666666,14.813999999999998,,,145.86666666666667,68.59666666666666,66.33333333333334,28.568,,,,,,,115.86666666666665,53.79933333333334,101.86666666666666,45.88333333333334,,,66946317.4,13582.8,4934.8,132.0,13947.4,0.009479999999999999,6051.0,7.0,9.0,7.0,11.0,723.0,866.0,489.0,245.0,31.1,37.3,21.1,10.5,586.0,1890.0,1377.0,1132.0,11.8,37.9,27.6,22.7,804.0,1695.0,2641.0,1443.0,12.2,25.7,40.1,21.9,1046.0,1792.0,3327.0,2509.0,12.1,20.7,38.4,28.9,1322.0,2161.0,3377.0,2817.0,13.661258654541701,22.33130102304433,34.89717887775137,29.110261444662605,1214.0,2124.0,3355.0,2804.0,12.78298410024218,22.3649573549542,35.32694535116352,29.525113193640102,2.0,28.159418763820156,1.0,3.0,2.0
Monterey,11770.4,1.3486666666666667,29.1,1163.2,9.061333333333334,1157.0666666666666,9.184000000000001,10176.733333333334,86.61933333333334,966.8,8.097333333333333,152.13333333333333,1.2786666666666666,277.06666666666666,2.333333333333333,197.66666666666669,1.6673333333333331,7384.4,62.839999999999996,4088.2666666666673,34.61,297.73333333333335,2.552666666666666,1306249259.4,441584.8,2959.6,5726.0,435520.0,0.013139999999999999,6053.0,2.0,2.0,2.0,2.0,44960.0,36925.0,19933.0,17983.0,37.5,30.8,16.6,15.0,46862.0,47232.0,35670.0,31642.0,29.0,29.3,22.1,19.6,57520.0,44916.0,63897.0,45671.0,27.1,21.2,30.1,21.5,77061.0,45354.0,66774.0,54939.0,31.6,18.6,27.4,22.5,76433.0,52006.0,70240.0,59862.0,29.56320274153809,20.1151848256176,27.16783798314387,23.15377444970044,75771.0,56912.0,73530.0,74311.0,27.010523163793472,20.28774721592448,26.211661034350005,26.49006858593204,1.0,25.218127504242062,1.0,2.0,1.0
Napa,2930.4,0.33266666666666667,27.673333333333336,473.9333333333334,15.063333333333333,346.73333333333335,11.287333333333333,1910.0666666666664,65.29733333333334,732.3333333333333,24.84,51.6,1.7920000000000003,120.66666666666667,4.142,115.73333333333335,3.928666666666666,1173.0,39.894666666666666,1705.9333333333332,58.35666666666666,51.46666666666666,1.7753333333333334,440086901.2,140217.4,3143.2,1238.6,137802.6,0.008979999999999998,6055.0,3.0,2.0,3.0,2.0,16951.0,15855.0,8193.0,5254.0,36.6,34.3,17.7,11.4,15542.0,21539.0,14834.0,11210.0,24.6,34.1,23.5,17.8,14495.0,18399.0,25538.0,16773.0,19.3,24.5,34.0,22.3,16455.0,17223.0,28110.0,22150.0,19.6,20.5,33.5,26.4,16172.0,17980.0,29801.0,29034.0,17.39167840665899,19.33603622011679,32.04856592857066,31.22371944465355,14541.0,17698.0,29842.0,36464.0,14.755695367598559,17.95930793038713,30.282612004667918,37.00238469734639,1.0,28.95316860317621,1.0,2.0,1.0
Nevada,1244.8,0.14533333333333337,26.65333333333333,290.26666666666665,21.624666666666666,141.53333333333333,10.846,331.4,27.281333333333333,809.1333333333333,64.15466666666666,14.88,1.3008000000000002,23.733333333333334,2.0300000000000002,65.73333333333333,5.262666666666666,205.46666666666664,16.916666666666664,1020.0666666666666,81.54666666666667,19.266666666666666,1.5366666666666666,199234814.4,99384.0,2003.2,793.8,100895.4,0.00786,6057.0,4.0,3.0,4.0,3.0,6445.0,5719.0,2764.0,1612.0,39.0,34.6,16.7,9.7,6189.0,13677.0,8328.0,6186.0,18.0,39.8,24.2,18.0,7577.0,14891.0,20534.0,12231.0,13.7,27.0,37.2,22.1,6309.0,15517.0,26319.0,17003.0,9.7,23.8,40.4,26.1,3675.0,15914.0,29443.0,23843.0,5.042881646655232,21.83739279588336,40.40205831903945,32.71766723842195,3827.0,14963.0,29399.0,30391.0,4.870195978620514,19.04174090099262,37.41282769152456,38.6752354288623,1.0,30.98931025706287,1.0,2.0,1.0
Orange,67111.8,7.644,28.919999999999998,7524.533333333335,10.731333333333334,9555.8,13.751333333333331,45288.73333333333,67.55866666666667,11462.733333333334,16.958666666666666,1305.5333333333333,1.9600000000000002,6839.133333333333,10.203333333333333,2215.666666666667,3.322,25809.4,38.212,38902.33333333333,58.274,2400.0666666666666,3.508,4993798039.8,3200299.8,1561.2,33901.0,3174831.8,0.01068,6059.0,1.0,1.0,1.0,1.0,216580.0,256847.0,145360.0,116498.0,29.5,34.9,19.8,15.8,221997.0,360814.0,292019.0,255992.0,19.6,31.9,25.8,22.6,286557.0,307521.0,509022.0,425099.0,18.8,20.1,33.3,27.8,372419.0,317332.0,564962.0,558743.0,20.5,17.5,31.2,30.8,324704.0,354943.0,575702.0,723978.0,16.40476788322496,17.93250938323986,29.08574480113695,36.57697793239824,294180.0,378888.0,598758.0,925364.0,13.38891948352214,17.24420737396402,27.251079788275025,42.11579335423882,0.0,29.809374701323055,1.0,1.0,0.0
Placer,2219.0,0.24666666666666667,27.060000000000002,382.8666666666667,16.068,221.93333333333334,9.483333333333333,794.6,36.31333333333333,1117.5333333333333,49.79,66.86666666666667,3.0806666666666667,117.86666666666665,5.336666666666667,122.13333333333335,5.475333333333333,467.2666666666666,21.140666666666668,1720.4666666666667,77.48400000000001,31.26666666666667,1.3820000000000001,777390207.6,396057.6,1958.4,3669.2,400333.4,0.00916,6061.0,1.0,1.0,1.0,1.0,16171.0,16075.0,7161.0,4362.0,36.9,36.7,16.4,10.0,16277.0,26147.0,17713.0,12030.0,22.6,36.2,24.5,16.7,17006.0,29751.0,41725.0,25940.0,14.9,26.0,36.5,22.7,15835.0,35327.0,64506.0,50226.0,9.5,21.3,38.9,30.3,15331.0,47861.0,92143.0,82538.0,6.4450357964123715,20.12040038171629,38.73621638437317,34.69834743749816,14584.0,49539.0,100475.0,117251.0,5.174401896050722,17.57643277073894,35.6485210165727,41.60064431663763,1.0,31.367540775379723,2.0,3.0,2.0
Plumas,783.2666666666667,0.1,22.793333333333333,327.93333333333334,39.7,245.2,29.598666666666666,101.46666666666667,12.974,516.4666666666666,65.85933333333334,72.0,9.054666666666666,22.066666666666666,2.802,71.26666666666668,9.303333333333333,32.46666666666667,4.064,743.0666666666667,94.99533333333333,93.0,1.5,66773518.8,19441.0,3440.4,165.2,19195.6,0.0086,6063.0,7.0,12.0,7.0,12.0,2783.0,2602.0,1034.0,643.0,39.4,36.8,14.6,9.1,2366.0,4436.0,2581.0,1593.0,21.6,40.4,23.5,14.5,2393.0,4536.0,4787.0,2090.0,17.3,32.9,34.7,15.1,1770.0,4102.0,6325.0,2589.0,12.0,27.7,42.8,17.5,1475.0,3623.0,6452.0,3439.0,9.840549736473413,24.17105877643605,43.04489959303489,22.94349189405564,820.0,4108.0,6655.0,3464.0,5.449591280653951,27.30112314747126,44.22808533262445,23.02120023925035,1.0,28.48208945304712,1.0,2.0,1.0
Riverside,40687.066666666666,4.636666666666667,28.26,5966.0,13.978666666666665,6026.666666666666,14.112,28943.06666666667,71.19333333333334,6275.4,15.323333333333332,2923.133333333333,7.230666666666667,1472.1333333333334,3.6159999999999997,1072.8,2.6399999999999997,12009.0,29.200666666666667,28271.466666666667,69.816,406.06666666666666,0.986,4962138158.2,2421550.6,2048.2,28306.2,2447629.8,0.01154,6065.0,1.0,1.0,1.0,1.0,105962.0,82404.0,39538.0,27081.0,41.6,32.3,15.5,10.6,125066.0,139431.0,86458.0,51303.0,31.1,34.7,21.5,12.8,188015.0,191492.0,239668.0,105530.0,25.9,26.4,33.1,14.6,234473.0,230867.0,315008.0,155676.0,25.0,24.7,33.7,16.6,279377.0,338928.0,451551.0,275751.0,20.76215418023241,25.18774055129023,33.55742055444123,20.49268471403612,267525.0,423504.0,511637.0,370132.0,17.00949517992775,26.92678907272262,32.53036944350133,23.5333463038483,1.0,26.258756687127022,1.0,2.0,1.0
Sacramento,16178.866666666665,1.8206666666666667,27.473333333333336,2135.0666666666666,12.51,2329.4666666666667,13.981333333333334,7017.333333333333,43.775999999999996,4188.866666666667,25.540666666666667,2416.4,15.021333333333335,1635.3333333333335,15.918000000000001,920.8666666666668,5.673333333333334,3679.0,22.752,12092.8,74.82333333333334,407.06666666666666,2.4219999999999997,3659743890.2,1545286.8,2366.6,18718.0,1560824.2,0.012,6067.0,1.0,1.0,1.0,1.0,113388.0,118989.0,56138.0,43457.0,34.2,35.8,16.9,13.1,102522.0,159194.0,113735.0,89581.0,22.0,34.2,24.5,19.3,117470.0,158422.0,233955.0,151880.0,17.8,23.9,35.4,23.0,129270.0,176525.0,275052.0,191641.0,16.7,22.9,35.6,24.8,132263.0,198216.0,330723.0,255620.0,14.4262463160788,21.61990004602857,36.07276003411786,27.88109360377478,127455.0,235075.0,363694.0,341705.0,11.93478218121242,22.01223115019819,34.05600934144498,31.996977327144414,1.0,28.61151818145214,1.0,2.0,1.0
San Benito,992.6,0.11133333333333333,27.939999999999998,125.0,11.259333333333334,97.46666666666667,9.392,808.8,81.78133333333332,126.0,12.288666666666668,15.583333333333332,1.6208333333333331,19.866666666666667,2.070666666666667,24.866666666666667,2.478,389.6,39.10733333333333,598.9333333333333,60.48,,,108218519.6,60672.0,1771.6,773.2,63387.6,0.012199999999999999,6069.0,1.0,1.0,1.0,1.0,5333.0,2372.0,1156.0,671.0,55.9,24.9,12.1,7.0,6015.0,3696.0,2647.0,1471.0,43.5,26.7,19.1,10.6,6915.0,5524.0,6314.0,3152.0,31.6,25.2,28.8,14.4,7876.0,7278.0,10876.0,5371.0,25.1,23.2,34.6,17.1,8356.0,7953.0,11637.0,6292.0,24.40563117004498,23.22857643553946,33.98855073310357,18.377241661312,6901.0,11037.0,14805.0,8460.0,16.74878042860957,26.78688445016139,35.9318496226003,20.53248549862874,0.0,26.024804019124822,1.0,1.0,0.0
San Bernardino,41194.86666666667,4.653333333333333,29.7,4661.733333333334,10.726666666666667,7161.333333333333,16.357333333333333,30828.266666666663,74.804,4254.8,10.230666666666668,3695.2,9.065999999999999,1404.1333333333334,3.4200000000000004,1012.4666666666668,2.4833333333333334,15413.6,36.82866666666667,25448.666666666664,62.38133333333333,332.6,0.7893333333333333,4981069177.2,2178055.4,2286.2,28195.4,2177942.4,0.01296,6071.0,1.0,1.0,1.0,1.0,154036.0,117009.0,51751.0,32785.0,43.3,32.9,14.6,9.2,146148.0,180774.0,111533.0,66179.0,29.0,35.8,22.1,13.1,202956.0,222977.0,275833.0,123062.0,24.6,27.0,33.4,14.9,253594.0,246155.0,326943.0,156581.0,25.8,25.0,33.3,15.9,266955.0,316854.0,406495.0,225822.0,21.9512616291404,26.05437265546497,33.42540164423752,18.5689640711571,260315.0,370115.0,445345.0,301891.0,18.89536360772495,26.86536504493832,32.3260500005081,21.91322134682862,1.0,25.725712908644038,1.0,2.0,1.0
San Diego,66273.46666666667,7.576666666666666,27.133333333333333,9883.333333333332,14.307999999999998,8315.8,12.174666666666667,35098.46666666667,53.012,17865.466666666667,26.862666666666666,4263.733333333333,6.472666666666667,5732.266666666666,8.637333333333334,3313.5333333333338,5.012666666666666,14706.133333333331,22.050666666666665,49969.26666666667,75.53533333333334,1598.0666666666666,2.414,5266885796.6,3327458.4,1583.6,38969.0,3315410.2,0.01176,6073.0,1.0,1.0,1.0,1.0,239165.0,240208.0,113732.0,96174.0,34.7,34.8,16.5,14.0,236104.0,355635.0,257648.0,223845.0,22.0,33.1,24.0,20.9,281660.0,354882.0,527450.0,394090.0,18.1,22.8,33.9,25.3,308849.0,352040.0,588927.0,523511.0,17.4,19.9,33.2,29.5,293575.0,382108.0,643350.0,691991.0,14.59828425717445,19.00066831624088,31.991164700172654,34.40988272641201,263063.0,409660.0,672143.0,906455.0,11.68482859618864,18.19642778617532,29.855493730125556,40.26324988751049,0.0,29.86971649089579,1.0,1.0,0.0
San Francisco,12907.066666666668,1.4406666666666665,25.613333333333333,2395.133333333333,17.778666666666666,1345.6666666666665,9.628666666666666,4958.333333333334,39.00266666666666,2979.0666666666666,22.435333333333332,1208.2,9.436666666666667,2876.866666666667,22.238,884.6,6.8966666666666665,2522.333333333333,19.724,9479.866666666667,73.34533333333334,904.8666666666668,6.9286666666666665,,,,8300.6,864917.4,0.009600000000000001,6075.0,1.0,1.0,1.0,1.0,175382.0,134770.0,72024.0,76655.0,38.2,29.4,15.7,16.7,124793.0,120456.0,98829.0,135263.0,26.0,25.1,20.6,28.2,117834.0,97583.0,132763.0,187835.0,22.0,18.2,24.8,35.0,112065.0,82618.0,133130.0,267992.0,18.8,13.9,22.3,45.0,88023.0,85628.0,126422.0,324706.0,14.08866175079508,13.705326203345498,20.23467498107331,51.97133706478611,77300.0,78359.0,123258.0,410052.0,11.21966300370554,11.37337093541219,17.89020986430449,59.51675619657779,1.0,32.570405925375454,2.0,3.0,2.0
San Joaquin,10802.133333333333,1.236,27.84666666666667,1682.0,14.574666666666667,1436.1333333333334,12.676,7083.666666666667,65.78266666666667,1515.2,13.813999999999998,946.1333333333334,8.820666666666666,910.8,8.364666666666666,346.33333333333337,3.228,3798.2666666666673,35.178666666666665,6837.4,63.32866666666666,166.46666666666667,1.4986666666666666,1773264778.2,766400.2,2310.0,9865.8,767165.6,0.012879999999999999,6077.0,2.0,2.0,2.0,2.0,79981.0,45996.0,19622.0,12612.0,50.6,29.1,12.4,8.0,75394.0,64952.0,38215.0,23256.0,37.4,32.2,18.9,11.5,90830.0,74007.0,86517.0,38179.0,31.4,25.6,29.9,13.2,95953.0,84162.0,104989.0,48468.0,28.8,25.2,31.5,14.5,96387.0,106206.0,137859.0,74205.0,23.24499526114355,25.61297650829481,33.24651458916647,17.89551364139518,96216.0,140468.0,156626.0,95083.0,19.70052805834646,28.76126398208,32.06966520814181,19.46854275143174,1.0,25.130622265265885,1.0,2.0,1.0
San Luis Obispo,8651.533333333335,1.0033333333333334,24.433333333333334,2138.0666666666666,23.163999999999998,1722.4666666666667,18.942,3015.733333333333,34.92933333333333,4822.533333333334,55.64866666666667,138.73333333333332,1.598,430.0,4.989333333333333,244.53333333333336,2.8280000000000003,1266.1333333333334,14.624666666666666,7312.466666666667,84.54133333333334,72.93333333333334,0.8406666666666667,688822764.0,279512.8,2464.8,2452.4,282199.2,0.0087,6079.0,3.0,2.0,2.0,2.0,23256.0,18246.0,9888.0,6437.0,40.2,31.6,17.1,11.1,21459.0,30880.0,22631.0,17561.0,23.2,33.4,24.5,19.0,23156.0,34099.0,49848.0,31883.0,16.7,24.5,35.9,22.9,22964.0,34728.0,58997.0,42507.0,14.4,21.8,37.1,26.7,18767.0,37815.0,65752.0,56337.0,10.50366315742342,21.1645986198096,36.80059998544812,31.531138237318874,15354.0,37215.0,67834.0,69920.0,8.067338156712536,19.55360098359105,35.64151468818797,36.73754617150843,1.0,30.10492688744922,1.0,2.0,1.0
San Mateo,8603.2,0.994,26.919999999999998,1509.9333333333334,16.291333333333334,730.2,8.022666666666666,5104.0,59.45399999999999,1238.5333333333333,14.272666666666666,274.2,3.2,1406.4,16.28933333333333,580.0666666666666,6.8,3169.4,36.912,4912.533333333334,56.928,521.2666666666667,6.165333333333334,2165584654.6,768736.6,2819.2,8081.6,761101.2,0.010620000000000001,6081.0,1.0,1.0,1.0,1.0,90291.0,112366.0,59725.0,54276.0,28.5,35.5,18.9,17.1,69840.0,119239.0,93507.0,96491.0,18.4,31.5,24.7,25.5,71343.0,95754.0,141125.0,140631.0,15.9,21.3,31.4,31.3,72164.0,85569.0,141275.0,191277.0,14.7,17.5,28.8,39.0,59154.0,86259.0,138614.0,222359.0,11.68160257195104,17.03423870328169,27.37318962214595,43.91096910262132,50652.0,82159.0,129495.0,289401.0,9.180960183575703,14.891781325957442,23.47169783961414,52.45556065085272,1.0,31.920185895774388,2.0,3.0,2.0
Santa Barbara,12924.133333333333,1.4813333333333332,27.393333333333334,1722.8,12.361333333333333,1394.0,10.127333333333334,9298.8,72.21666666666667,2594.8,19.82933333333333,210.2,1.6266666666666665,474.8,3.661333333333333,345.53333333333336,2.668,6148.0,47.80533333333334,6391.2,49.19,384.93333333333334,2.998,1060517259.0,450845.4,2354.2,5425.8,444747.4,0.012199999999999999,6083.0,2.0,2.0,2.0,2.0,39195.0,46726.0,26139.0,24419.0,28.7,34.2,19.2,17.9,36823.0,53305.0,42896.0,43428.0,20.9,30.2,24.3,24.6,46156.0,48821.0,74745.0,61625.0,20.0,21.1,32.3,26.6,51220.0,46941.0,75972.0,72596.0,20.8,19.0,30.8,29.4,53170.0,46546.0,79193.0,82430.0,20.34522210615331,17.81058318888493,30.3027868018168,31.54140790314496,50274.0,47957.0,82013.0,97636.0,18.09198215056859,17.25816899381028,29.51381891463941,35.13602994098171,1.0,28.169389664603422,1.0,2.0,1.0
Santa Clara,24189.2,2.7373333333333334,27.28666666666667,4260.133333333333,16.621333333333332,3217.4,12.679333333333334,16309.466666666669,67.62133333333334,2797.9333333333334,11.395333333333333,773.3333333333333,3.194,3424.6,14.106666666666666,883.8666666666666,3.688666666666667,9763.466666666667,40.30466666666667,13851.8,57.35066666666667,573.9333333333333,2.3473333333333333,6690163854.2,1943745.2,3444.2,20626.6,1922029.4,0.010719999999999999,6085.0,1.0,1.0,1.0,1.0,168911.0,172084.0,97306.0,106037.0,31.0,31.6,17.9,19.5,154450.0,217564.0,182887.0,198702.0,20.5,28.9,24.3,26.4,175123.0,183546.0,298572.0,317542.0,18.0,18.8,30.6,32.6,184800.0,176926.0,300793.0,450539.0,16.6,15.9,27.0,40.5,162067.0,188647.0,297176.0,552652.0,13.499486065460427,15.713486075455922,24.75348634200219,46.03354151708145,145904.0,184860.0,284658.0,733950.0,10.81273362719843,13.69970623371464,21.09559113424615,54.39196900484077,1.0,31.906679551672926,2.0,3.0,2.0
Santa Cruz,5954.4,0.6653333333333333,27.68,973.2666666666668,15.252666666666666,747.3333333333333,12.038,3984.666666666667,67.53133333333332,1479.8666666666666,24.306,67.13333333333334,1.1380000000000001,231.9333333333333,3.8200000000000003,190.8,3.2046666666666668,2493.4666666666667,65.88066666666666,3390.2,56.87533333333333,70.73333333333333,1.1780000000000002,675640589.2,273224.8,2478.2,2382.8,270370.4,0.00882,6087.0,2.0,2.0,2.0,2.0,26802.0,23113.0,13082.0,9603.0,36.9,31.8,18.0,13.2,25943.0,33368.0,30076.0,27419.0,22.2,28.6,25.7,23.5,26825.0,28183.0,48978.0,43978.0,18.1,19.0,33.1,29.7,27684.0,27327.0,53588.0,56400.0,16.8,16.6,32.5,34.2,25610.0,26987.0,53204.0,63556.0,15.12190225381886,15.934977591714539,31.415294319101072,37.52782583536553,21102.0,28627.0,54858.0,75398.0,11.7243103591966,15.905214323415839,30.47920660055005,41.89126871683752,1.0,30.253743367502853,1.0,2.0,1.0
Shasta,3097.666666666667,0.3453333333333333,25.133333333333333,706.0,21.095333333333333,342.93333333333334,10.545333333333334,445.0,14.534,2222.133333333333,71.48866666666666,85.72,2.8644,148.66666666666669,4.825333333333333,196.26666666666668,6.311333333333333,138.0,4.452,2923.733333333333,94.402,35.93333333333333,1.1526666666666667,379457974.0,179142.8,2116.8,1900.6,180692.6,0.01052,6089.0,3.0,2.0,3.0,2.0,17506.0,14513.0,6867.0,3665.0,41.1,34.1,16.1,8.6,16968.0,27844.0,16125.0,8630.0,24.4,40.0,23.2,12.4,20504.0,27971.0,33374.0,12995.0,21.6,29.5,35.2,13.7,17952.0,29658.0,41854.0,17808.0,16.7,27.6,39.0,16.6,14459.0,31651.0,52223.0,23465.0,11.87129509515756,25.986469400154355,42.87673032397905,19.26550518070904,11492.0,33218.0,54858.0,29041.0,8.935611038107753,25.82867450955998,42.65486863283285,22.58084581949941,1.0,27.888094923372385,1.0,2.0,1.0
Sierra,35.6,0.07333333333333333,26.939999999999998,,,,,15.0,31.91,21.933333333333334,61.86866666666667,87.0,235.1,,,,,,,27.46666666666667,77.01733333333334,,,23746513.2,3210.6,7395.2,23.0,3104.4,0.0015400000000000001,6091.0,8.0,7.0,8.0,7.0,626.0,541.0,195.0,141.0,41.7,36.0,13.0,9.4,449.0,751.0,482.0,368.0,21.9,36.6,23.5,18.0,618.0,702.0,801.0,400.0,24.5,27.8,31.8,15.9,375.0,730.0,999.0,436.0,14.8,28.7,39.3,17.2,243.0,849.0,968.0,412.0,9.83009708737864,34.34466019417476,39.15857605177994,16.66666666666666,130.0,681.0,981.0,515.0,5.635023840485479,29.518855656697006,42.52275682704811,22.3233636757694,2.0,28.153446033810145,1.0,3.0,2.0
Siskiyou,322.2,0.084,24.85333333333333,117.33333333333334,35.42266666666667,24.2,6.865333333333334,66.86666666666666,21.602666666666668,214.9333333333333,66.05066666666667,25.0,4.05,14.666666666666666,3.466666666666667,21.733333333333334,6.760000000000001,34.33333333333333,11.016666666666667,286.0,88.56533333333333,12.0,1.5,111496391.6,44455.2,2509.6,422.0,43731.2,0.00966,6093.0,7.0,11.0,6.0,6.0,8418.0,7038.0,2450.0,1461.0,43.5,36.3,12.7,7.5,6056.0,9690.0,5579.0,3491.0,24.4,39.0,22.5,14.1,6565.0,9156.0,9161.0,4109.0,22.6,31.6,31.6,14.2,4978.0,8648.0,11611.0,5445.0,16.2,28.2,37.8,17.7,3652.0,8615.0,12504.0,7432.0,11.34055833307456,26.752165947271987,38.82868055771201,23.07859516194143,3250.0,8724.0,13316.0,6933.0,10.08596344226174,27.07382925239736,41.32451975297148,21.51568755236942,1.0,27.42699314154486,1.0,2.0,1.0
Solano,6264.0,0.7140000000000001,27.253333333333337,883.2,12.851333333333333,843.0,12.762666666666666,2952.733333333333,47.51533333333333,1105.8,17.348000000000003,1182.1333333333334,18.954,655.8666666666667,10.379333333333333,367.46666666666664,5.8053333333333335,1684.8666666666668,27.07866666666667,4473.2,71.24600000000001,105.66666666666667,1.6726666666666667,785545323.4,441462.2,1778.0,5028.6,448428.2,0.011199999999999998,6095.0,2.0,2.0,2.0,2.0,31409.0,33040.0,12007.0,7797.0,37.3,39.2,14.3,9.3,30457.0,51166.0,31930.0,18001.0,23.2,38.9,24.3,13.7,36159.0,56046.0,77483.0,39125.0,17.3,26.8,37.1,18.7,40028.0,60367.0,93378.0,52715.0,16.2,24.5,37.9,21.4,36107.0,65327.0,104664.0,65922.0,13.27365634879788,24.01551356517903,38.47658260422028,24.23424748180281,34837.0,74274.0,116367.0,86981.0,11.14930278852585,23.77079872879322,37.24232619319655,27.83757228948438,0.0,28.176816798363944,1.0,1.0,0.0
Sonoma,10229.266666666666,1.174,26.6,2099.5333333333338,19.509999999999998,1435.2666666666667,13.540666666666667,5990.466666666666,58.862,3286.2,31.79,223.53333333333336,2.1886666666666668,333.0,3.2506666666666666,396.06666666666666,3.896,3929.666666666667,38.47,6200.4,60.565999999999995,99.2,0.9613333333333334,1284979583.4,497356.2,2589.6,4480.0,492843.6,0.0091,6097.0,2.0,2.0,2.0,2.0,41844.0,40497.0,19904.0,12765.0,36.4,35.2,17.3,11.1,42193.0,64975.0,44609.0,36235.0,22.4,34.6,23.7,19.3,40368.0,62057.0,92834.0,63446.0,15.6,24.0,35.9,24.5,46237.0,62559.0,110275.0,87493.0,15.1,20.4,36.0,28.5,44101.0,66863.0,114128.0,106203.0,13.31170105193257,20.1823148553404,34.4490559773012,32.05692811542583,38619.0,65278.0,120203.0,132345.0,10.83449059462189,18.31362482290395,33.7227342226711,37.12915035980306,1.0,29.71465443476553,1.0,2.0,1.0
Stanislaus,7259.866666666667,0.8240000000000001,28.74666666666667,889.2666666666668,11.235333333333333,715.8,9.366666666666665,5130.6,71.02799999999999,1405.4,19.005333333333333,248.4666666666667,3.443333333333333,255.8,3.4899999999999998,219.6,3.0306666666666664,2949.666666666667,40.85933333333334,4245.8,58.25333333333333,64.4,0.884,1225571064.6,554419.8,2210.0,7274.4,550596.0,0.0132,6099.0,2.0,2.0,2.0,2.0,52093.0,30844.0,13461.0,8623.0,49.6,29.4,12.8,8.2,58009.0,48192.0,28492.0,17954.0,38.0,31.6,18.7,11.8,70044.0,58124.0,64822.0,28712.0,31.6,26.2,29.2,13.0,78427.0,68945.0,80027.0,37179.0,29.6,26.1,30.2,14.1,75499.0,86826.0,100656.0,51107.0,24.03753088306462,27.64384503705968,32.04706961106442,16.27155446881129,69960.0,104577.0,111856.0,62589.0,20.04687920866979,29.966301986921955,32.05208291545122,17.93473588895703,1.0,24.787467548469547,1.0,2.0,1.0
Sutter,1255.3333333333335,0.13999999999999999,27.459999999999997,210.2,15.356,128.73333333333335,9.908,731.5333333333333,58.690666666666665,360.53333333333336,28.355333333333334,33.93333333333333,2.716,77.06666666666666,6.081333333333333,52.266666666666666,4.163333333333333,427.2,34.09266666666666,804.4666666666667,64.10133333333333,23.666666666666664,1.8106666666666666,211162206.4,98268.4,2147.0,1259.8,97633.8,0.0129,6101.0,3.0,2.0,3.0,2.0,9490.0,6923.0,3434.0,2386.0,42.7,31.1,15.4,10.7,9751.0,9851.0,6239.0,4351.0,32.3,32.6,20.7,14.4,11044.0,9935.0,12745.0,6130.0,27.7,24.9,32.0,15.4,13260.0,11569.0,16740.0,7502.0,27.0,23.6,34.1,15.3,13142.0,13912.0,21393.0,10940.0,22.12942226413188,23.42600232374089,36.02303534443565,18.42154006769158,13202.0,15907.0,22792.0,12971.0,20.35084474041189,24.52059440128253,35.13380194845234,19.99475890985325,1.0,25.477247502774695,1.0,2.0,1.0
Tehama,1011.1333333333332,0.11599999999999999,26.72,217.86666666666665,20.267333333333333,90.53333333333333,8.608,480.5333333333333,47.626666666666665,471.4666666666667,46.474666666666664,15.0,1.78,19.0,1.835,34.0,3.3566666666666665,267.4666666666667,26.351333333333333,738.0,73.09666666666666,,,143842820.6,64584.8,2225.4,752.6,64836.4,0.0116,6103.0,4.0,5.0,4.0,5.0,7328.0,6037.0,2002.0,1219.0,44.2,36.4,12.1,7.3,7338.0,10088.0,4436.0,2180.0,30.5,42.0,18.5,9.1,9053.0,10288.0,9862.0,3324.0,27.8,31.6,30.3,10.2,8826.0,11167.0,12175.0,4093.0,24.3,30.8,33.6,11.3,8255.0,11827.0,16316.0,5498.0,19.703551651709,28.229425243459993,38.94405193813252,13.122971166698488,6389.0,13014.0,17864.0,7627.0,14.23130039648951,28.98828351227336,39.79150888760191,16.98890720363523,1.0,25.95380228983829,1.0,2.0,1.0
Trinity,110.13333333333333,0.076,27.580000000000002,22.333333333333336,18.728,19.083333333333336,16.170833333333334,16.0,13.449999999999998,82.93333333333334,75.00666666666666,,,,,14.333333333333334,10.644444444444444,,,105.6,95.45066666666665,,,65863409.8,14109.8,4656.0,108.8,13913.8,0.00792,6105.0,8.0,6.0,8.0,6.0,1930.0,1435.0,669.0,425.0,43.3,32.2,15.0,9.5,1929.0,2898.0,1699.0,1028.0,25.5,38.4,22.5,13.6,2296.0,2763.0,2691.0,1143.0,25.8,31.1,30.3,12.9,1790.0,2791.0,3388.0,1464.0,19.0,29.6,35.9,15.5,899.0,2785.0,4565.0,2029.0,8.746837906207434,27.09671142245573,44.41525588635921,19.74119478497762,764.0,4800.0,4605.0,2324.0,6.115424637797166,38.42151604898743,36.86064195949732,18.60241735371808,2.0,26.795005202913632,1.0,3.0,2.0
Tulare,8746.866666666667,0.9946666666666666,28.28,1375.0666666666666,14.964000000000002,958.4666666666666,10.683333333333334,7154.266666666667,81.732,1172.7333333333333,13.454666666666668,122.6,1.4113333333333333,161.8,1.846,135.46666666666664,1.5586666666666666,3585.2666666666673,40.61333333333333,5113.733333333334,58.85333333333333,47.86666666666667,0.5333333333333334,975854658.2,476159.4,2049.2,6861.4,469242.0,0.01462,6107.0,2.0,2.0,2.0,2.0,54916.0,24610.0,11814.0,7074.0,55.8,25.0,12.0,7.2,59651.0,38667.0,22902.0,13639.0,44.2,28.7,17.0,10.1,70714.0,40873.0,45103.0,20965.0,39.8,23.0,25.4,11.8,78512.0,47004.0,55812.0,23560.0,38.3,22.9,27.2,11.5,80170.0,59653.0,77828.0,33369.0,31.93769420763286,23.76424189307625,31.00470082065174,13.29336307863915,76249.0,73748.0,86136.0,42332.0,27.38189718636094,26.4837591797892,30.932433160361267,15.20191047348859,1.0,23.39543569209775,0.0,1.0,0.0
Tuolumne,184.93333333333334,0.07866666666666668,25.046666666666667,43.8,20.805333333333333,18.333333333333332,6.336666666666666,32.266666666666666,18.71666666666667,138.53333333333333,74.022,,,,,22.0,4.8,15.84,9.271199999999999,168.86666666666667,90.70733333333332,,,165560378.2,54749.0,3024.0,447.6,54738.2,0.00818,6109.0,4.0,5.0,4.0,5.0,5624.0,4940.0,2010.0,1087.0,41.2,36.2,14.7,8.0,4965.0,8504.0,5383.0,2981.0,22.7,39.0,24.7,13.7,6811.0,11082.0,11129.0,5011.0,20.0,32.6,32.7,14.7,6129.0,11579.0,14985.0,6284.0,15.7,29.7,38.4,16.1,4789.0,12081.0,17186.0,7185.0,11.61223054727092,29.2936640721612,41.67212240246357,17.42198297810431,3344.0,10658.0,17887.0,10396.0,7.908241693271846,25.20515549249143,42.30105238264159,24.58555043159513,1.0,28.356391155256006,1.0,2.0,1.0
Ventura,14399.933333333334,1.6326666666666667,28.2,1808.3333333333335,11.614,1681.8,10.934666666666667,10407.4,72.53066666666668,2861.0666666666666,19.584666666666667,242.4,1.6893333333333334,446.7333333333333,3.108,442.3333333333333,3.0799999999999996,5999.2,65.66799999999999,8129.933333333334,56.35533333333334,270.8,1.8966666666666665,2266528314.6,851207.2,2665.4,8859.8,844991.6,0.01048,6111.0,2.0,2.0,2.0,2.0,68362.0,65439.0,31734.0,23283.0,36.2,34.7,16.8,12.3,71508.0,99531.0,72274.0,53980.0,24.1,33.5,24.3,18.2,85778.0,91704.0,142471.0,95598.0,20.6,22.1,34.3,23.0,93872.0,92936.0,157812.0,127136.0,19.9,19.7,33.5,26.9,91674.0,100328.0,172901.0,165308.0,17.29009771581503,18.92227811192148,32.60984777758289,31.17777639468061,82625.0,113615.0,182934.0,195611.0,14.374940195029449,19.76652139495637,31.82650904251155,34.03202936750263,1.0,28.551562758248735,1.0,2.0,1.0
Yolo,3414.4,0.3913333333333333,23.753333333333334,1100.0,30.581333333333333,439.0,12.262666666666666,2061.6,60.464,769.3333333333333,22.443333333333335,119.6,3.5233333333333334,329.93333333333334,9.672666666666666,133.93333333333334,3.896666666666667,991.3333333333333,28.997333333333337,2356.266666666667,69.07533333333333,66.8,1.936,416863852.0,220337.8,1892.4,2082.6,218013.2,0.00954,6113.0,1.0,1.0,1.0,1.0,17135.0,13142.0,6122.0,8224.0,38.4,29.5,13.7,18.4,16314.0,17837.0,10693.0,16611.0,26.5,29.0,17.4,27.0,16965.0,18093.0,21463.0,24524.0,20.9,22.3,26.5,30.3,19299.0,18901.0,24647.0,32576.0,20.2,19.8,25.8,34.1,18442.0,21888.0,31877.0,44229.0,15.838744031055688,18.79830980109244,27.37727163420248,37.98567453364939,15832.0,22654.0,34203.0,54999.0,12.39897249545768,17.74168285195163,26.786385564814235,43.07295908777646,0.0,30.05333312449095,1.0,1.0,0.0
Yuba,859.8,0.10266666666666666,27.793333333333333,153.33333333333331,16.647333333333332,84.66666666666666,9.339333333333332,435.9333333333333,51.147999999999996,309.53333333333336,35.38933333333333,35.8,4.232666666666667,36.0,4.206666666666667,42.53333333333333,5.011333333333333,246.33333333333331,28.746000000000002,607.2666666666667,70.604,22.0,1.6,225795794.2,77619.0,2896.4,1150.0,79798.4,0.014419999999999999,6115.0,3.0,2.0,3.0,2.0,9313.0,7394.0,2981.0,1746.0,43.4,34.5,13.9,8.1,9801.0,9296.0,5453.0,2523.0,36.2,34.3,20.1,9.3,10669.0,8474.0,11479.0,3206.0,31.5,25.1,33.9,9.5,9924.0,9589.0,12068.0,3637.0,28.2,27.2,34.3,10.3,9473.0,10661.0,17685.0,5971.0,21.63279287508563,24.34574103676638,40.38593286138388,13.6355332267641,9568.0,11785.0,20436.0,9018.0,18.83205070167497,23.19562265042218,40.22280394433838,17.74952270356447,1.0,25.688979864979235,1.0,2.0,1.0
